allele,chain,gene_type,v_nonamer,v_heptamer,j_nonamer,j_heptamer,seq,sample_count,sample
IGKJ1*01,IGK,IGKJ,,,GGTTTTTGT,CACTGTG,GTGGACGTTCGGCCAAGGGACCAAGGTGGAAATCAAAC,35,"HG00117,HG00136,HG00178,HG01616,HG01700,HG01756,HG01887,HG02107,HG02284,HG02391,HG02433,HG02513,HG02597,HG02700,HG03018,HG03196,HG03604,HG03718,HG03786,HG04153,NA12778,NA18533,NA18543,NA18572,NA18979,NA19108,NA19735,NA19916,NA20351,NA20543,NA20774,NA20813,NA20903,NA21103,NA21110"
IGKJ2*01,IGK,IGKJ,,,AGTTTTTGT,CATTGTG,TGTACACTTTTGGCCAGGGGACCAAGCTGGAGATCAAAC,34,"HG00117,HG00136,HG00178,HG01616,HG01700,HG01756,HG01887,HG02284,HG02391,HG02433,HG02513,HG02597,HG02700,HG03018,HG03196,HG03604,HG03718,HG03786,HG04153,NA12778,NA18533,NA18543,NA18572,NA18979,NA19055,NA19735,NA19916,NA20351,NA20543,NA20774,NA20813,NA20903,NA21103,NA21110"
IGKJ3*01,IGK,IGKJ,,,AGGTTTTTG,CACTGTG,ATTCACTTTCGGCCCTGGGACCAAAGTGGATATCAAAC,36,"HG00117,HG00136,HG00178,HG01616,HG01700,HG01756,HG01887,HG02107,HG02284,HG02391,HG02433,HG02513,HG02597,HG02700,HG03018,HG03196,HG03604,HG03718,HG03786,HG04153,NA12778,NA18533,NA18543,NA18572,NA18979,NA19055,NA19108,NA19735,NA19916,NA20351,NA20543,NA20774,NA20813,NA20903,NA21103,NA21110"
IGKJ3*01,IGK,IGKJ,,,AGGTTTTTG,CACTGT,ATTCACTTTCGGCCCTGGGACCAAAGTGGATATCAAAC,3,"HG03786,NA18543,NA18572"
IGKJ3*01,IGK,IGKJ,,,AGGTTCTTG,CACTGTG,ATTCACTTTCGGCCCTGGGACCAAAGTGGATATCAAAC,1,NA12778
IGKJ3*01,IGK,IGKJ,,,AGGTTTTTG,CACCTTG,ATTCACTTTCGGCCCTGGGACCAAAGTGGATATCAAAC,1,NA20774
IGKJ5*01,IGK,IGKJ,,,GATTTTTGT,CACTGTG,GATCACCTTCGGCCAAGGGACACGACTGGAGATTAAAC,36,"HG00117,HG00136,HG00178,HG01616,HG01700,HG01756,HG01887,HG02107,HG02284,HG02391,HG02433,HG02513,HG02597,HG02700,HG03018,HG03196,HG03604,HG03718,HG03786,HG04153,NA12778,NA18533,NA18543,NA18572,NA18979,NA19055,NA19108,NA19735,NA19916,NA20351,NA20543,NA20774,NA20813,NA20903,NA21103,NA21110"
IGKV1-12*01,IGK,IGKV,ACATAAACC,CACAGTG,,,GACATCCAGATGACCCAGTCTCCATCTTCCGTGTCTGCATCTGTAGGAGACAGAGTCACCATCACTTGTCGGGCGAGTCAGGGTATT..................AGCAGCTGGTTAGCCTGGTATCAGCAGAAACCAGGGAAAGCCCCTAAGCTCCTGATCTATGCTGCA.....................TCCAGTTTGCAAAGTGGGGTCCCA...TCAAGGTTCAGCGGCAGTGGA......TCTGGGACAGATTTCACTCTCACCATCAGCAGCCTGCAGCCTGAAGATTTTGCAACTTACTATTGTCAACAGGCTAACAGTTTCCCTCC,36,"HG00117,HG00136,HG00178,HG01616,HG01700,HG01756,HG01887,HG02107,HG02284,HG02391,HG02433,HG02513,HG02597,HG02700,HG03018,HG03196,HG03604,HG03718,HG03786,HG04153,NA12778,NA18533,NA18543,NA18572,NA18979,NA19055,NA19108,NA19735,NA19916,NA20351,NA20543,NA20774,NA20813,NA20903,NA21103,NA21110"
IGKV1-13*01,IGK,IGKV,ACATAAACC,CATAGTG,,,GCCATCCAGTTGACCCAGTCTCCATCCTCCCTGTCTGCATCTGTAGGAGACAGAGTCACCATCACTTGCCGGGCAAGTCAGGGCATT..................AGCAGTGCTTTAGCCTGATATCAGCAGAAACCAGGGAAAGCTCCTAAGCTCCTGATCTATGATGCC.....................TCCAGTTTGGAAAGTGGGGTCCCA...TCAAGGTTCAGCGGCAGTGGA......TCTGGGACAGATTTCACTCTCACCATCAGCAGCCTGCAGCCTGAAGATTTTGCAACTTATTACTGTCAACAGTTTAATAATTACCCTCA,34,"HG00117,HG00136,HG00178,HG01616,HG01700,HG01756,HG02284,HG02391,HG02433,HG02513,HG02597,HG02700,HG03018,HG03196,HG03604,HG03718,HG03786,HG04153,NA12778,NA18533,NA18543,NA18572,NA18979,NA19055,NA19108,NA19735,NA19916,NA20351,NA20543,NA20774,NA20813,NA20903,NA21103,NA21110"
IGKV1-16*02,IGK,IGKV,ACATAAACC,CACAGTG,,,GACATCCAGATGACCCAGTCTCCATCCTCACTGTCTGCATCTGTAGGAGACAGAGTCACCATCACTTGTCGGGCGAGTCAGGGCATT..................AGCAATTATTTAGCCTGGTTTCAGCAGAAACCAGGGAAAGCCCCTAAGTCCCTGATCTATGCTGCA.....................TCCAGTTTGCAAAGTGGGGTCCCA...TCAAAGTTCAGCGGCAGTGGA......TCTGGGACAGATTTCACTCTCACCATCAGCAGCCTGCAGCCTGAAGATTTTGCAACTTATTACTGCCAACAGTATAATAGTTACCCTCC,36,"HG00117,HG00136,HG00178,HG01616,HG01700,HG01756,HG01887,HG02107,HG02284,HG02391,HG02433,HG02513,HG02597,HG02700,HG03018,HG03196,HG03604,HG03718,HG03786,HG04153,NA12778,NA18533,NA18543,NA18572,NA18979,NA19055,NA19108,NA19735,NA19916,NA20351,NA20543,NA20774,NA20813,NA20903,NA21103,NA21110"
IGKV1-16*02,IGK,IGKV,ACATAAACC,ACAGTG,,,GACATCCAGATGACCCAGTCTCCATCCTCACTGTCTGCATCTGTAGGAGACAGAGTCACCATCACTTGTCGGGCGAGTCAGGGCATT..................AGCAATTATTTAGCCTGGTTTCAGCAGAAACCAGGGAAAGCCCCTAAGTCCCTGATCTATGCTGCA.....................TCCAGTTTGCAAAGTGGGGTCCCA...TCAAAGTTCAGCGGCAGTGGA......TCTGGGACAGATTTCACTCTCACCATCAGCAGCCTGCAGCCTGAAGATTTTGCAACTTATTACTGCCAACAGTATAATAGTTACCCTCC,1,HG03018
IGKV1-17*03,IGK,IGKV,ACATAAACC,CACAGTG,,,GACATCCAGATGACCCAGTCTCCATCTGCCATGTCTGCATCTGTAGGAGACAGAGTCACCATCACTTGTCGGGCGAGTCAGGGCATT..................AGCAATTATTTAGCCTGGTTTCAGCAGAAACCAGGGAAAGTCCCTAAGCGCCTGATCTATGCTGCA.....................TCCAGTTTGCAAAGTGGGGTCCCA...TCAAGGTTCAGCGGCAGTGGA......TCTGGGACAGAATTCACTCTCACAATCAGCAGCCTGCAGCCTGAAGATTTTGCAACTTATTACTGTCTACAGCATAATAGTTACCCTCC,23,"HG00117,HG00136,HG01887,HG02107,HG02284,HG02391,HG02433,HG02513,HG03018,HG03196,HG03718,HG03786,HG04153,NA12778,NA18533,NA18572,NA18979,NA19055,NA19108,NA19735,NA19916,NA20351,NA20774"
IGKV1-27*01,IGK,IGKV,ACATAAACC,CACTGTG,,,GACATCCAGATGACCCAGTCTCCATCCTCCCTGTCTGCATCTGTAGGAGACAGAGTCACCATCACTTGCCGGGCGAGTCAGGGCATT..................AGCAATTATTTAGCCTGGTATCAGCAGAAACCAGGGAAAGTTCCTAAGCTCCTGATCTATGCTGCA.....................TCCACTTTGCAATCAGGGGTCCCA...TCTCGGTTCAGTGGCAGTGGA......TCTGGGACAGATTTCACTCTCACCATCAGCAGCCTGCAGCCTGAAGATGTTGCAACTTATTACTGTCAAAAGTATAACAGTGCCCCTCC,36,"HG00117,HG00136,HG00178,HG01616,HG01700,HG01756,HG01887,HG02107,HG02284,HG02391,HG02433,HG02513,HG02597,HG02700,HG03018,HG03196,HG03604,HG03718,HG03786,HG04153,NA12778,NA18533,NA18543,NA18572,NA18979,NA19055,NA19108,NA19735,NA19916,NA20351,NA20543,NA20774,NA20813,NA20903,NA21103,NA21110"
IGKV1-33*01,IGK,IGKV,ACATAAATC,CACAGTG,,,GACATCCAGATGACCCAGTCTCCATCCTCCCTGTCTGCATCTGTAGGAGACAGAGTCACCATCACTTGCCAGGCGAGTCAGGACATT..................AGCAACTATTTAAATTGGTATCAGCAGAAACCAGGGAAAGCCCCTAAGCTCCTGATCTACGATGCA.....................TCCAATTTGGAAACAGGGGTCCCA...TCAAGGTTCAGTGGAAGTGGA......TCTGGGACAGATTTTACTTTCACCATCAGCAGCCTGCAGCCTGAAGATATTGCAACATATTACTGTCAACAGTATGATAATCTCCCTCC,33,"HG00117,HG00136,HG00178,HG01616,HG01700,HG01756,HG01887,HG02107,HG02284,HG02391,HG02433,HG02513,HG02597,HG02700,HG03018,HG03196,HG03718,HG03786,HG04153,NA12778,NA18533,NA18543,NA18572,NA18979,NA19055,NA19108,NA19735,NA19916,NA20543,NA20774,NA20903,NA21103,NA21110"
IGKV1-37*01,IGK,IGKV,ACATAAACC,CACAGTG,,,GACATCCAGTTGACCCAGTCTCCATCCTCCCTGTCTGCATCTGTAGGAGACAGAGTCACCATCACTTGCCGGGTGAGTCAGGGCATT..................AGCAGTTATTTAAATTGGTATCGGCAGAAACCAGGGAAAGTTCCTAAGCTCCTGATCTATAGTGCA.....................TCCAATTTGCAATCTGGAGTCCCA...TCTCGGTTCAGTGGCAGTGGA......TCTGGGACAGATTTCACTCTCACTATCAGCAGCCTGCAGCCTGAAGATGTTGCAACTTATTACGGTCAACGGACTTACAATGCCCCTCC,36,"HG00117,HG00136,HG00178,HG01616,HG01700,HG01756,HG01887,HG02107,HG02284,HG02391,HG02433,HG02513,HG02597,HG02700,HG03018,HG03196,HG03604,HG03718,HG03786,HG04153,NA12778,NA18533,NA18543,NA18572,NA18979,NA19055,NA19108,NA19735,NA19916,NA20351,NA20543,NA20774,NA20813,NA20903,NA21103,NA21110"
IGKV1-39*01,IGK,IGKV,ACATAAACC,CACAGTG,,,GACATCCAGATGACCCAGTCTCCATCCTCCCTGTCTGCATCTGTAGGAGACAGAGTCACCATCACTTGCCGGGCAAGTCAGAGCATT..................AGCAGCTATTTAAATTGGTATCAGCAGAAACCAGGGAAAGCCCCTAAGCTCCTGATCTATGCTGCA.....................TCCAGTTTGCAAAGTGGGGTCCCA...TCAAGGTTCAGTGGCAGTGGA......TCTGGGACAGATTTCACTCTCACCATCAGCAGTCTGCAACCTGAAGATTTTGCAACTTACTACTGTCAACAGAGTTACAGTACCCCTCC,36,"HG00117,HG00136,HG00178,HG01616,HG01700,HG01756,HG01887,HG02107,HG02284,HG02391,HG02433,HG02513,HG02597,HG02700,HG03018,HG03196,HG03604,HG03718,HG03786,HG04153,NA12778,NA18533,NA18543,NA18572,NA18979,NA19055,NA19108,NA19735,NA19916,NA20351,NA20543,NA20774,NA20813,NA20903,NA21103,NA21110"
IGKV1-5*04,IGK,IGKV,ACATAAACC,CACAGTG,,,GACATCCAGATGACCCAGTCTCCTTCCACCCTGTCTGCATCTGTAGGAGACAGAGTCACCATCACTTGCCGGGCCAGTCAGAGTATT..................AGTAGCTGGTTGGCCTGGTATCAGCAGAAACCAGGGAAAGCCCCTAAGCTCCTGATCTATAAGGCA.....................TCTAGTTTAGAAAGTGGGGTCCCA...TCAAGGTTCAGCGGCAGTGGA......TCTGGGACAGAATTCACTCTCACCATCAGCAGCCTGCAGCCTGATGATTTTGCAACTTATTACTGCCAACAGTATAATAGTTATTCTCC,9,"HG00117,HG02391,HG02513,NA18533,NA18572,NA18979,NA19055,NA19735,NA20774"
IGKV1-6*01,IGK,IGKV,ACAGAAACC,CACAGTG,,,GCCATCCAGATGACCCAGTCTCCATCCTCCCTGTCTGCATCTGTAGGAGACAGAGTCACCATCACTTGCCGGGCAAGTCAGGGCATT..................AGAAATGATTTAGGCTGGTATCAGCAGAAACCAGGGAAAGCCCCTAAGCTCCTGATCTATGCTGCA.....................TCCAGTTTACAAAGTGGGGTCCCA...TCAAGGTTCAGCGGCAGTGGA......TCTGGCACAGATTTCACTCTCACCATCAGCAGCCTGCAGCCTGAAGATTTTGCAACTTATTACTGTCTACAAGATTACAATTACCCTCC,36,"HG00117,HG00136,HG00178,HG01616,HG01700,HG01756,HG01887,HG02107,HG02284,HG02391,HG02433,HG02513,HG02597,HG02700,HG03018,HG03196,HG03604,HG03718,HG03786,HG04153,NA12778,NA18533,NA18543,NA18572,NA18979,NA19055,NA19108,NA19735,NA19916,NA20351,NA20543,NA20774,NA20813,NA20903,NA21103,NA21110"
IGKV1-8*02,IGK,IGKV,ACAAAAACC,CACAGTG,,,GCCATCCGGATAACCCAGTCTCCATCCTCACTCTCTGCATCTACAGGAGACAGAGTCACCATCACTTGTCGGGCGAGTCAGGGTATT..................AGCAGTTATTTAGCCTGGTATCAGCAAAAACCAGGGAAAGCCCCTAAGCTCCTGATCTATGCTGCA.....................TCCACTTTGCAAAGTGGGGTCCCA...TCAAGGTTCAGCGGCAGTGGA......TCTGGGACAGATTTCACTCTCACCATCAGCTGCCTGCAGTCTGAAGATTTTGCAACTTATTACTGTCAACAGTATTATAGTTACCCTCC,9,"HG00117,HG02391,HG02513,NA18533,NA18572,NA18979,NA19055,NA19735,NA20774"
IGKV1-9*03,IGK,IGKV,ACATAAACC,CACAGTG,,,GCCATCCAGTTGACCCAGTCTCCATCCTCCCTGTCTGCATCTGTAGGAGACAGAGTCACCATCACTTGCCGGGCCAGTCAGGGCATT..................AGCAGTTATTTAGCCTGGTATCAGCAAAAACCAGGGAAAGCCCCTAAGCTCCTGATCTATGCTGCA.....................TCCACTTTGCAAAGTGGGGTCCCA...TCAAGGTTCAGCGGCAGTGGA......TCTGGGACAGATTTCACTCTCACCATCAGCAGCCTGCAGCCTGAAGATTTTGCAACTTATTACTGTCAACAGCTTAATAGTTACCCTCC,15,"HG00117,HG00136,HG02391,HG02513,HG03018,HG03718,HG03786,HG04153,NA12778,NA18533,NA18572,NA18979,NA19055,NA19735,NA20774"
IGKV1-NL1*01,IGK,IGKV,ACAAAAACC,CACAGTG,,,GACATCCAGATGACCCAGTCTCCATCCTCCCTGTCTGCATCTGTAGGAGACAGAGTCACCATCACTTGCCGGGCGAGTCAGGGCATT..................AGCAATTCTTTAGCCTGGTATCAGCAGAAACCAGGGAAAGCCCCTAAGCTCCTGCTCTATGCTGCA.....................TCCAGATTGGAAAGTGGGGTCCCA...TCCAGGTTCAGTGGCAGTGGA......TCTGGGACGGATTACACTCTCACCATCAGCAGCCTGCAGCCTGAAGATTTTGCAACTTATTACTGTCAACAGTATTATAGTACCCCTCC,14,"HG00117,HG01616,HG01756,HG02284,HG02433,HG02513,HG02597,HG03018,HG03196,NA18533,NA18979,NA19108,NA19916,NA20351"
IGKV1D-12*01_g250a,IGK,IGKV,ACATAAACC,CACAGTG,,,GACATCCAGATGACCCAGTCTCCATCTTCTGTGTCTGCATCTGTAGGAGACAGAGTCACCATCACTTGTCGGGCGAGTCAGGGTATT..................AGCAGCTGGTTAGCCTGGTATCAGCAGAAACCAGGGAAAGCCCCTAAGCTCCTGATCTATGCTGCA.....................TCCAGTTTGCAAAGTGGGGTCCCA...TCAAGGTTCAGCGGCAGTGGA......TCTAGGACAGATTTCACTCTCACTATCAGCAGCCTGCAGCCTGAAGATTTTGCAACTTACTATTGTCAACAGGCTAACAGTTTCCCTCC,1,HG00117
IGKV1D-13*01_g112t_g238a,IGK,IGKV,ACATAAACC,CATAGTG,,,GCCATCCAGTTGACCCAGTCTCCATCCTCCCTGTCTGCATCTGTAGGAGACAGAGTCACCATCACTTGCCGGGCAAGTCAGGGCATT..................AGCAGTTCTTTAGCCTGGTATCAGCAGAAACCAGGGAAAGCTCCTAAGCTCCTGATCTATGATGCC.....................TCCAGTTTGGAAAGTGGGGTCCCA...TCAAGGTTCAGCGGCAGTAGA......TCTGGGACAGATTTCACTCTCACCATCAGCAGCCTGCAGCCTGAAGATTTTGCAACTTATTACTGTCAACAGTTTAATAATTACCCTCA,1,HG00117
IGKV1D-16*01,IGK,IGKV,ACATAAACC,CACAGTG,,,GACATCCAGATGACCCAGTCTCCATCCTCACTGTCTGCATCTGTAGGAGACAGAGTCACCATCACTTGTCGGGCGAGTCAGGGTATT..................AGCAGCTGGTTAGCCTGGTATCAGCAGAAACCAGAGAAAGCCCCTAAGTCCCTGATCTATGCTGCA.....................TCCAGTTTGCAAAGTGGGGTCCCA...TCAAGGTTCAGCGGCAGTGGA......TCTGGGACAGATTTCACTCTCACCATCAGCAGCCTGCAGCCTGAAGATTTTGCAACTTATTACTGCCAACAGTATAATAGTTACCCTCC,36,"HG00117,HG00136,HG00178,HG01616,HG01700,HG01756,HG01887,HG02107,HG02284,HG02391,HG02433,HG02513,HG02597,HG02700,HG03018,HG03196,HG03604,HG03718,HG03786,HG04153,NA12778,NA18533,NA18543,NA18572,NA18979,NA19055,NA19108,NA19735,NA19916,NA20351,NA20543,NA20774,NA20813,NA20903,NA21103,NA21110"
IGKV1D-17*01,IGK,IGKV,ACATAAACC,CACAGTG,,,AACATCCAGATGACCCAGTCTCCATCTGCCATGTCTGCATCTGTAGGAGACAGAGTCACCATCACTTGTCGGGCGAGGCAGGGCATT..................AGCAATTATTTAGCCTGGTTTCAGCAGAAACCAGGGAAAGTCCCTAAGCACCTGATCTATGCTGCA.....................TCCAGTTTGCAAAGTGGGGTCCCA...TCAAGGTTCAGCGGCAGTGGA......TCTGGGACAGAATTCACTCTCACAATCAGCAGCCTGCAGCCTGAAGATTTTGCAACTTATTACTGTCTACAGCATAATAGTTACCCTCC,36,"HG00117,HG00136,HG00178,HG01616,HG01700,HG01756,HG01887,HG02107,HG02284,HG02391,HG02433,HG02513,HG02597,HG02700,HG03018,HG03196,HG03604,HG03718,HG03786,HG04153,NA12778,NA18533,NA18543,NA18572,NA18979,NA19055,NA19108,NA19735,NA19916,NA20351,NA20543,NA20774,NA20813,NA20903,NA21103,NA21110"
IGKV1D-33*01,IGK,IGKV,ACATAAATC,CACAGTG,,,GACATCCAGATGACCCAGTCTCCATCCTCCCTGTCTGCATCTGTAGGAGACAGAGTCACCATCACTTGCCAGGCGAGTCAGGACATT..................AGCAACTATTTAAATTGGTATCAGCAGAAACCAGGGAAAGCCCCTAAGCTCCTGATCTACGATGCA.....................TCCAATTTGGAAACAGGGGTCCCA...TCAAGGTTCAGTGGAAGTGGA......TCTGGGACAGATTTTACTTTCACCATCAGCAGCCTGCAGCCTGAAGATATTGCAACATATTACTGTCAACAGTATGATAATCTCCCTCC,36,"HG00117,HG00136,HG00178,HG01616,HG01700,HG01756,HG01887,HG02107,HG02284,HG02391,HG02433,HG02513,HG02597,HG02700,HG03018,HG03196,HG03604,HG03718,HG03786,HG04153,NA12778,NA18533,NA18543,NA18572,NA18979,NA19055,NA19108,NA19735,NA19916,NA20351,NA20543,NA20774,NA20813,NA20903,NA21103,NA21110"
IGKV1D-37*01,IGK,IGKV,ACATAAACC,CACAGTG,,,GACATCCAGTTGACCCAGTCTCCATCCTCCCTGTCTGCATCTGTAGGAGACAGAGTCACCATCACTTGCCGGGTGAGTCAGGGCATT..................AGCAGTTATTTAAATTGGTATCGGCAGAAACCAGGGAAAGTTCCTAAGCTCCTGATCTATAGTGCA.....................TCCAATTTGCAATCTGGAGTCCCA...TCTCGGTTCAGTGGCAGTGGA......TCTGGGACAGATTTCACTCTCACTATCAGCAGCCTGCAGCCTGAAGATGTTGCAACTTATTACGGTCAACGGACTTACAATGCCCCTCC,32,"HG00117,HG00136,HG00178,HG01616,HG01700,HG01756,HG02391,HG02433,HG02513,HG02597,HG02700,HG03018,HG03196,HG03604,HG03718,HG03786,HG04153,NA12778,NA18533,NA18543,NA18572,NA18979,NA19055,NA19108,NA19735,NA19916,NA20543,NA20774,NA20813,NA20903,NA21103,NA21110"
IGKV1D-37*01,IGK,IGKV,ACATAAACCC,CACAGTG,,,GACATCCAGTTGACCCAGTCTCCATCCTCCCTGTCTGCATCTGTAGGAGACAGAGTCACCATCACTTGCCGGGTGAGTCAGGGCATT..................AGCAGTTATTTAAATTGGTATCGGCAGAAACCAGGGAAAGTTCCTAAGCTCCTGATCTATAGTGCA.....................TCCAATTTGCAATCTGGAGTCCCA...TCTCGGTTCAGTGGCAGTGGA......TCTGGGACAGATTTCACTCTCACTATCAGCAGCCTGCAGCCTGAAGATGTTGCAACTTATTACGGTCAACGGACTTACAATGCCCCTCC,12,"HG01616,HG01887,HG02107,HG02284,HG02391,HG03018,NA18533,NA18572,NA19055,NA19108,NA19735,NA20351"
IGKV1D-39*01,IGK,IGKV,ACATAAACC,CACAGTG,,,GACATCCAGATGACCCAGTCTCCATCCTCCCTGTCTGCATCTGTAGGAGACAGAGTCACCATCACTTGCCGGGCAAGTCAGAGCATT..................AGCAGCTATTTAAATTGGTATCAGCAGAAACCAGGGAAAGCCCCTAAGCTCCTGATCTATGCTGCA.....................TCCAGTTTGCAAAGTGGGGTCCCA...TCAAGGTTCAGTGGCAGTGGA......TCTGGGACAGATTTCACTCTCACCATCAGCAGTCTGCAACCTGAAGATTTTGCAACTTACTACTGTCAACAGAGTTACAGTACCCCTCC,36,"HG00117,HG00136,HG00178,HG01616,HG01700,HG01756,HG01887,HG02107,HG02284,HG02391,HG02433,HG02513,HG02597,HG02700,HG03018,HG03196,HG03604,HG03718,HG03786,HG04153,NA12778,NA18533,NA18543,NA18572,NA18979,NA19055,NA19108,NA19735,NA19916,NA20351,NA20543,NA20774,NA20813,NA20903,NA21103,NA21110"
IGKV1D-42*01,IGK,IGKV,ACATAAGCC,CACAGGG,,,GACATCCAGATGATCCAGTCTCCATCTTTCCTGTCTGCATCTGTAGGAGACAGAGTCAGTATCATTTGCTGGGCAAGTGAGGGCATT..................AGCAGTAATTTAGCCTGGTATCTGCAGAAACCAGGGAAATCCCCTAAGCTCTTCCTCTATGATGCA.....................AAAGATTTGCACCCTGGGGTCTCA...TCGAGGTTCAGTGGCAGGGGA......TCTGGGACGGATTTCACTCTCACCATCATCAGCCTGAAGCCTGAAGATTTTGCAGCTTATTACTGTAAACAGGACTTCAGTTACCCTCC,33,"HG00117,HG00178,HG01616,HG01700,HG01756,HG02284,HG02391,HG02433,HG02513,HG02597,HG02700,HG03018,HG03196,HG03604,HG03718,HG03786,HG04153,NA12778,NA18533,NA18543,NA18572,NA18979,NA19055,NA19108,NA19735,NA19916,NA20351,NA20543,NA20774,NA20813,NA20903,NA21103,NA21110"
IGKV1D-43*01,IGK,IGKV,ACAAAAACC,CACAGTG,,,GCCATCCGGATGACCCAGTCTCCATTCTCCCTGTCTGCATCTGTAGGAGACAGAGTCACCATCACTTGCTGGGCCAGTCAGGGCATT..................AGCAGTTATTTAGCCTGGTATCAGCAAAAACCAGCAAAAGCCCCTAAGCTCTTCATCTATTATGCA.....................TCCAGTTTGCAAAGTGGGGTCCCA...TCAAGGTTCAGCGGCAGTGGA......TCTGGGACGGATTACACTCTCACCATCAGCAGCCTGCAGCCTGAAGATTTTGCAACTTATTACTGTCAACAGTATTATAGTACCCCTCC,36,"HG00117,HG00136,HG00178,HG01616,HG01700,HG01756,HG01887,HG02107,HG02284,HG02391,HG02433,HG02513,HG02597,HG02700,HG03018,HG03196,HG03604,HG03718,HG03786,HG04153,NA12778,NA18533,NA18543,NA18572,NA18979,NA19055,NA19108,NA19735,NA19916,NA20351,NA20543,NA20774,NA20813,NA20903,NA21103,NA21110"
IGKV1D-43*01,IGK,IGKV,ACAAAAAAC,CACAGTG,,,GCCATCCGGATGACCCAGTCTCCATTCTCCCTGTCTGCATCTGTAGGAGACAGAGTCACCATCACTTGCTGGGCCAGTCAGGGCATT..................AGCAGTTATTTAGCCTGGTATCAGCAAAAACCAGCAAAAGCCCCTAAGCTCTTCATCTATTATGCA.....................TCCAGTTTGCAAAGTGGGGTCCCA...TCAAGGTTCAGCGGCAGTGGA......TCTGGGACGGATTACACTCTCACCATCAGCAGCCTGCAGCCTGAAGATTTTGCAACTTATTACTGTCAACAGTATTATAGTACCCCTCC,1,HG03196
IGKV1D-8*01,IGK,IGKV,ACAAAAACC,CACAGTG,,,GTCATCTGGATGACCCAGTCTCCATCCTTACTCTCTGCATCTACAGGAGACAGAGTCACCATCAGTTGTCGGATGAGTCAGGGCATT..................AGCAGTTATTTAGCCTGGTATCAGCAAAAACCAGGGAAAGCCCCTGAGCTCCTGATCTATGCTGCA.....................TCCACTTTGCAAAGTGGGGTCCCA...TCAAGGTTCAGTGGCAGTGGA......TCTGGGACAGATTTCACTCTCACCATCAGTTGCCTGCAGTCTGAAGATTTTGCAACTTATTACTGTCAACAGTATTATAGTTTCCCTCC,33,"HG00117,HG00178,HG01616,HG01700,HG01756,HG02284,HG02391,HG02433,HG02513,HG02597,HG02700,HG03018,HG03196,HG03604,HG03718,HG03786,HG04153,NA12778,NA18533,NA18543,NA18572,NA18979,NA19055,NA19108,NA19735,NA19916,NA20351,NA20543,NA20774,NA20813,NA20903,NA21103,NA21110"
IGKV2-24*01,IGK,IGKV,ACAAAAACC,CACAGTG,,,GATATTGTGATGACCCAGACTCCACTCTCCTCACCTGTCACCCTTGGACAGCCGGCCTCCATCTCCTGCAGGTCTAGTCAAAGCCTCGTACACAGT...GATGGAAACACCTACTTGAGTTGGCTTCAGCAGAGGCCAGGCCAGCCTCCAAGACTCCTAATTTATAAGATT.....................TCTAACCGGTTCTCTGGGGTCCCA...GACAGATTCAGTGGCAGTGGG......GCAGGGACAGATTTCACACTGAAAATCAGCAGGGTGGAAGCTGAGGATGTCGGGGTTTATTACTGCATGCAAGCTACACAATTTCCTCA,33,"HG00117,HG00136,HG00178,HG01616,HG01700,HG01756,HG01887,HG02107,HG02284,HG02391,HG02433,HG02513,HG02597,HG02700,HG03018,HG03196,HG03604,HG03718,HG04153,NA12778,NA18543,NA18979,NA19055,NA19108,NA19735,NA19916,NA20351,NA20543,NA20774,NA20813,NA20903,NA21103,NA21110"
IGKV2-24*01,IGK,IGKV,ACAAAAACAC,CACAGTG,,,GATATTGTGATGACCCAGACTCCACTCTCCTCACCTGTCACCCTTGGACAGCCGGCCTCCATCTCCTGCAGGTCTAGTCAAAGCCTCGTACACAGT...GATGGAAACACCTACTTGAGTTGGCTTCAGCAGAGGCCAGGCCAGCCTCCAAGACTCCTAATTTATAAGATT.....................TCTAACCGGTTCTCTGGGGTCCCA...GACAGATTCAGTGGCAGTGGG......GCAGGGACAGATTTCACACTGAAAATCAGCAGGGTGGAAGCTGAGGATGTCGGGGTTTATTACTGCATGCAAGCTACACAATTTCCTCA,1,HG03786
IGKV2-24*01,IGK,IGKV,ACAAAAACC,CTCTCCTTCACAGTG,,,GATATTGTGATGACCCAGACTCCACTCTCCTCACCTGTCACCCTTGGACAGCCGGCCTCCATCTCCTGCAGGTCTAGTCAAAGCCTCGTACACAGT...GATGGAAACACCTACTTGAGTTGGCTTCAGCAGAGGCCAGGCCAGCCTCCAAGACTCCTAATTTATAAGATT.....................TCTAACCGGTTCTCTGGGGTCCCA...GACAGATTCAGTGGCAGTGGG......GCAGGGACAGATTTCACACTGAAAATCAGCAGGGTGGAAGCTGAGGATGTCGGGGTTTATTACTGCATGCAAGCTACACAATTTCCTCA,1,NA18533
IGKV2-28*01,IGK,IGKV,ACAGAAACC,CACAGTG,,,GATATTGTGATGACTCAGTCTCCACTCTCCCTGCCCGTCACCCCTGGAGAGCCGGCCTCCATCTCCTGCAGGTCTAGTCAGAGCCTCCTGCATAGT...AATGGATACAACTATTTGGATTGGTACCTGCAGAAGCCAGGGCAGTCTCCACAGCTCCTGATCTATTTGGGT.....................TCTAATCGGGCCTCCGGGGTCCCT...GACAGGTTCAGTGGCAGTGGA......TCAGGCACAGATTTTACACTGAAAATCAGCAGAGTGGAGGCTGAGGATGTTGGGGTTTATTACTGCATGCAAGCTCTACAAACTCCTCC,36,"HG00117,HG00136,HG00178,HG01616,HG01700,HG01756,HG01887,HG02107,HG02284,HG02391,HG02433,HG02513,HG02597,HG02700,HG03018,HG03196,HG03604,HG03718,HG03786,HG04153,NA12778,NA18533,NA18543,NA18572,NA18979,NA19055,NA19108,NA19735,NA19916,NA20351,NA20543,NA20774,NA20813,NA20903,NA21103,NA21110"
IGKV2-29*01,IGK,IGKV,ACAGAAACC,CACAGTG,,,GATATTGTGATGACCCAGACTCCACTCTCTCTGTCCGTCACCCCTGGACAGCCGGCCTCCATCTCCTGCAAGTCTAGTCAGAGCCTCCTGCATAGT...GATGGAAAGACCTATTTGTATTGGTACCTGCAGAAGCCAGGCCAGTCTCCACAGCTCCTGATCTATGAAGTT.....................TCCAGCCGGTTCTCTGGAGTGCCA...GATAGGTTCAGTGGCAGCGGG......TCAGGGACAGATTTCACACTGAAAATCAGCCGGGTGGAGGCTGAGGATGTTGGGGTTTATTACTGAATGCAAGGTATACACCTTCCTCC,33,"HG00117,HG00136,HG00178,HG01616,HG01700,HG01756,HG02284,HG02391,HG02513,HG02597,HG02700,HG03018,HG03196,HG03604,HG03718,HG03786,HG04153,NA12778,NA18533,NA18543,NA18572,NA18979,NA19055,NA19108,NA19735,NA19916,NA20351,NA20543,NA20774,NA20813,NA20903,NA21103,NA21110"
IGKV2-30*01,IGK,IGKV,ACAAAAACC,CACAGTG,,,GATGTTGTGATGACTCAGTCTCCACTCTCCCTGCCCGTCACCCTTGGACAGCCGGCCTCCATCTCCTGCAGGTCTAGTCAAAGCCTCGTATACAGT...GATGGAAACACCTACTTGAATTGGTTTCAGCAGAGGCCAGGCCAATCTCCAAGGCGCCTAATTTATAAGGTT.....................TCTAACCGGGACTCTGGGGTCCCA...GACAGATTCAGCGGCAGTGGG......TCAGGCACTGATTTCACACTGAAAATCAGCAGGGTGGAGGCTGAGGATGTTGGGGTTTATTACTGCATGCAAGGTACACACTGGCCTCC,34,"HG00117,HG00136,HG00178,HG01700,HG01756,HG01887,HG02107,HG02284,HG02391,HG02513,HG02597,HG02700,HG03018,HG03196,HG03604,HG03718,HG03786,HG04153,NA12778,NA18533,NA18543,NA18572,NA18979,NA19055,NA19108,NA19735,NA19916,NA20351,NA20543,NA20774,NA20813,NA20903,NA21103,NA21110"
IGKV2-30*01,IGK,IGKV,ACAAAAACC,CGCCGCAGGCGACAGTG,,,GATGTTGTGATGACTCAGTCTCCACTCTCCCTGCCCGTCACCCTTGGACAGCCGGCCTCCATCTCCTGCAGGTCTAGTCAAAGCCTCGTATACAGT...GATGGAAACACCTACTTGAATTGGTTTCAGCAGAGGCCAGGCCAATCTCCAAGGCGCCTAATTTATAAGGTT.....................TCTAACCGGGACTCTGGGGTCCCA...GACAGATTCAGCGGCAGTGGG......TCAGGCACTGATTTCACACTGAAAATCAGCAGGGTGGAGGCTGAGGATGTTGGGGTTTATTACTGCATGCAAGGTACACACTGGCCTCC,1,HG01616
IGKV2-30*01,IGK,IGKV,ACAAAAACC,ACAGTG,,,GATGTTGTGATGACTCAGTCTCCACTCTCCCTGCCCGTCACCCTTGGACAGCCGGCCTCCATCTCCTGCAGGTCTAGTCAAAGCCTCGTATACAGT...GATGGAAACACCTACTTGAATTGGTTTCAGCAGAGGCCAGGCCAATCTCCAAGGCGCCTAATTTATAAGGTT.....................TCTAACCGGGACTCTGGGGTCCCA...GACAGATTCAGCGGCAGTGGG......TCAGGCACTGATTTCACACTGAAAATCAGCAGGGTGGAGGCTGAGGATGTTGGGGTTTATTACTGCATGCAAGGTACACACTGGCCTCC,1,HG03718
IGKV2-30*01,IGK,IGKV,ACATAAACC,GAAGGG,,,GATGTTGTGATGACTCAGTCTCCACTCTCCCTGCCCGTCACCCTTGGACAGCCGGCCTCCATCTCCTGCAGGTCTAGTCAAAGCCTCGTATACAGT...GATGGAAACACCTACTTGAATTGGTTTCAGCAGAGGCCAGGCCAATCTCCAAGGCGCCTAATTTATAAGGTT.....................TCTAACCGGGACTCTGGGGTCCCA...GACAGATTCAGCGGCAGTGGG......TCAGGCACTGATTTCACACTGAAAATCAGCAGGGTGGAGGCTGAGGATGTTGGGGTTTATTACTGCATGCAAGGTACACACTGGCCTCC,1,NA18979
IGKV2-30*01,IGK,IGKV,ACAAAACC,CACAGTG,,,GATGTTGTGATGACTCAGTCTCCACTCTCCCTGCCCGTCACCCTTGGACAGCCGGCCTCCATCTCCTGCAGGTCTAGTCAAAGCCTCGTATACAGT...GATGGAAACACCTACTTGAATTGGTTTCAGCAGAGGCCAGGCCAATCTCCAAGGCGCCTAATTTATAAGGTT.....................TCTAACCGGGACTCTGGGGTCCCA...GACAGATTCAGCGGCAGTGGG......TCAGGCACTGATTTCACACTGAAAATCAGCAGGGTGGAGGCTGAGGATGTTGGGGTTTATTACTGCATGCAAGGTACACACTGGCCTCC,1,NA21103
IGKV2-40*01,IGK,IGKV,ACAGAAACC,CACAGTG,,,GATATTGTGATGACCCAGACTCCACTCTCCCTGCCCGTCACCCCTGGAGAGCCGGCCTCCATCTCCTGCAGGTCTAGTCAGAGCCTCTTGGATAGTGATGATGGAAACACCTATTTGGACTGGTACCTGCAGAAGCCAGGGCAGTCTCCACAGCTCCTGATCTATACGCTT.....................TCCTATCGGGCCTCTGGAGTCCCA...GACAGGTTCAGTGGCAGTGGG......TCAGGCACTGATTTCACACTGAAAATCAGCAGGGTGGAGGCTGAGGATGTTGGAGTTTATTACTGCATGCAACGTATAGAGTTTCCTTC,36,"HG00117,HG00136,HG00178,HG01616,HG01700,HG01756,HG01887,HG02107,HG02284,HG02391,HG02433,HG02513,HG02597,HG02700,HG03018,HG03196,HG03604,HG03718,HG03786,HG04153,NA12778,NA18533,NA18543,NA18572,NA18979,NA19055,NA19108,NA19735,NA19916,NA20351,NA20543,NA20774,NA20813,NA20903,NA21103,NA21110"
IGKV2D-24*01,IGK,IGKV,ACAAAAACC,CACAGTG,,,GATATTGTGATGACCCAGACTCCACTCTCCTCGCCTGTCACCCTTGGACAGCCGGCCTCCATCTCCTTCAGGTCTAGTCAAAGCCTCGTACACAGT...GATGGAAACACCTACTTGAGTTGGCTTCAGCAGAGGCCAGGCCAGCCTCCAAGACTCCTAATTTATAAGGTT.....................TCTAACCGGTTCTCTGGGGTCCCA...GACAGATTCAGTGGCAGTGGG......GCAGGGACAGATTTCACACTGAAAATCAGCAGGGTGGAAGCTGAGGATGTCGGGGTTTATTACTGCACGCAAGCTACACAATTTCCTCA,36,"HG00117,HG00136,HG00178,HG01616,HG01700,HG01756,HG01887,HG02107,HG02284,HG02391,HG02433,HG02513,HG02597,HG02700,HG03018,HG03196,HG03604,HG03718,HG03786,HG04153,NA12778,NA18533,NA18543,NA18572,NA18979,NA19055,NA19108,NA19735,NA19916,NA20351,NA20543,NA20774,NA20813,NA20903,NA21103,NA21110"
IGKV2D-26*03,IGK,IGKV,GCACAAACC,CACAGTG,,,GAGATTGTGATGACCCAGACTCCACTCTCCTTGTCTATCACCCCTGGAGAGCAGGCCTCCATGTCCTGCAGGTCTAGTCAGAGCCTCCTGCATAGT...GATGGATACACCTATTTGTATTGGTTTCTGCAGAAAGCCAGGCCAGTCTCCACGCTCCTGATCTATGAAGTT.....................TCCAACCGGTTCTCTGGAGTGCCA...GATAGGTTCAGTGGCAGCGGG......TCAGGGACAGATTTCACACTGAAAATCAGCCGGGTGGAGGCTGAGGATTTTGGAGTTTATTACTGCATGCAAGATGCACAAGATCCTCC,32,"HG00117,HG00136,HG00178,HG01616,HG01700,HG01756,HG02391,HG02433,HG02513,HG02597,HG02700,HG03018,HG03196,HG03604,HG03718,HG03786,HG04153,NA12778,NA18533,NA18543,NA18572,NA18979,NA19055,NA19108,NA19735,NA19916,NA20543,NA20774,NA20813,NA20903,NA21103,NA21110"
IGKV2D-28*01,IGK,IGKV,ACAGAAACC,CACAGTG,,,GATATTGTGATGACTCAGTCTCCACTCTCCCTGCCCGTCACCCCTGGAGAGCCGGCCTCCATCTCCTGCAGGTCTAGTCAGAGCCTCCTGCATAGT...AATGGATACAACTATTTGGATTGGTACCTGCAGAAGCCAGGGCAGTCTCCACAGCTCCTGATCTATTTGGGT.....................TCTAATCGGGCCTCCGGGGTCCCT...GACAGGTTCAGTGGCAGTGGA......TCAGGCACAGATTTTACACTGAAAATCAGCAGAGTGGAGGCTGAGGATGTTGGGGTTTATTACTGCATGCAAGCTCTACAAACTCCTCC,34,"HG00117,HG00136,HG00178,HG01616,HG01700,HG01756,HG02284,HG02391,HG02433,HG02513,HG02597,HG02700,HG03018,HG03196,HG03604,HG03718,HG03786,HG04153,NA12778,NA18533,NA18543,NA18572,NA18979,NA19055,NA19108,NA19735,NA19916,NA20351,NA20543,NA20774,NA20813,NA20903,NA21103,NA21110"
IGKV2D-29*01,IGK,IGKV,ACAGAAACC,CACAGTG,,,GATATTGTGATGACCCAGACTCCACTCTCTCTGTCCGTCACCCCTGGACAGCCGGCCTCCATCTCCTGCAAGTCTAGTCAGAGCCTCCTGCATAGT...GATGGAAAGACCTATTTGTATTGGTACCTGCAGAAGCCAGGCCAGCCTCCACAGCTCCTGATCTATGAAGTT.....................TCCAACCGGTTCTCTGGAGTGCCA...GATAGGTTCAGTGGCAGCGGG......TCAGGGACAGATTTCACACTGAAAATCAGCCGGGTGGAGGCTGAGGATGTTGGGGTTTATTACTGCATGCAAAGTATACAGCTTCCTCC,31,"HG00117,HG00136,HG00178,HG01616,HG01700,HG01756,HG02391,HG02513,HG02597,HG02700,HG03018,HG03196,HG03604,HG03718,HG03786,HG04153,NA12778,NA18533,NA18543,NA18572,NA18979,NA19055,NA19108,NA19735,NA19916,NA20543,NA20774,NA20813,NA20903,NA21103,NA21110"
IGKV2D-30*01,IGK,IGKV,ACAAAAACC,CACAGTG,,,GATGTTGTGATGACTCAGTCTCCACTCTCCCTGCCCGTCACCCTTGGACAGCCGGCCTCCATCTCCTGCAGGTCTAGTCAAAGCCTCGTATACAGT...GATGGAAACACCTACTTGAATTGGTTTCAGCAGAGGCCAGGCCAATCTCCAAGGCGCCTAATTTATAAGGTT.....................TCTAACTGGGACTCTGGGGTCCCA...GACAGATTCAGCGGCAGTGGG......TCAGGCACTGATTTCACACTGAAAATCAGCAGGGTGGAGGCTGAGGATGTTGGGGTTTATTACTGCATGCAAGGTACACACTGGCCTCC,36,"HG00117,HG00136,HG00178,HG01616,HG01700,HG01756,HG01887,HG02107,HG02284,HG02391,HG02433,HG02513,HG02597,HG02700,HG03018,HG03196,HG03604,HG03718,HG03786,HG04153,NA12778,NA18533,NA18543,NA18572,NA18979,NA19055,NA19108,NA19735,NA19916,NA20351,NA20543,NA20774,NA20813,NA20903,NA21103,NA21110"
IGKV2D-40*01,IGK,IGKV,ACAGAAACC,CACAGTG,,,GATATTGTGATGACCCAGACTCCACTCTCCCTGCCCGTCACCCCTGGAGAGCCGGCCTCCATCTCCTGCAGGTCTAGTCAGAGCCTCTTGGATAGTGATGATGGAAACACCTATTTGGACTGGTACCTGCAGAAGCCAGGGCAGTCTCCACAGCTCCTGATCTATACGCTT.....................TCCTATCGGGCCTCTGGAGTCCCA...GACAGGTTCAGTGGCAGTGGG......TCAGGCACTGATTTCACACTGAAAATCAGCAGGGTGGAGGCTGAGGATGTTGGAGTTTATTACTGCATGCAACGTATAGAGTTTCCTTC,34,"HG00117,HG00136,HG00178,HG01616,HG01700,HG01756,HG01887,HG02107,HG02391,HG02433,HG02513,HG02597,HG02700,HG03018,HG03196,HG03604,HG03718,HG03786,HG04153,NA12778,NA18533,NA18543,NA18572,NA18979,NA19055,NA19108,NA19735,NA19916,NA20543,NA20774,NA20813,NA20903,NA21103,NA21110"
IGKV3-11*01,IGK,IGKV,ACAAAAACC,CACAGTG,,,GAAATTGTGTTGACACAGTCTCCAGCCACCCTGTCTTTGTCTCCAGGGGAAAGAGCCACCCTCTCCTGCAGGGCCAGTCAGAGTGTT..................AGCAGCTACTTAGCCTGGTACCAACAGAAACCTGGCCAGGCTCCCAGGCTCCTCATCTATGATGCA.....................TCCAACAGGGCCACTGGCATCCCA...GCCAGGTTCAGTGGCAGTGGG......TCTGGGACAGACTTCACTCTCACCATCAGCAGCCTAGAGCCTGAAGATTTTGCAGTTTATTACTGTCAGCAGCGTAGCAACTGGCCTCC,36,"HG00117,HG00136,HG00178,HG01616,HG01700,HG01756,HG01887,HG02107,HG02284,HG02391,HG02433,HG02513,HG02597,HG02700,HG03018,HG03196,HG03604,HG03718,HG03786,HG04153,NA12778,NA18533,NA18543,NA18572,NA18979,NA19055,NA19108,NA19735,NA19916,NA20351,NA20543,NA20774,NA20813,NA20903,NA21103,NA21110"
IGKV3-11*01,IGK,IGKV,ACAAAAACC,ACAGTG,,,GAAATTGTGTTGACACAGTCTCCAGCCACCCTGTCTTTGTCTCCAGGGGAAAGAGCCACCCTCTCCTGCAGGGCCAGTCAGAGTGTT..................AGCAGCTACTTAGCCTGGTACCAACAGAAACCTGGCCAGGCTCCCAGGCTCCTCATCTATGATGCA.....................TCCAACAGGGCCACTGGCATCCCA...GCCAGGTTCAGTGGCAGTGGG......TCTGGGACAGACTTCACTCTCACCATCAGCAGCCTAGAGCCTGAAGATTTTGCAGTTTATTACTGTCAGCAGCGTAGCAACTGGCCTCC,1,HG02284
IGKV3-15*01,IGK,IGKV,ACAAAAACC,CACAGTG,,,GAAATAGTGATGACGCAGTCTCCAGCCACCCTGTCTGTGTCTCCAGGGGAAAGAGCCACCCTCTCCTGCAGGGCCAGTCAGAGTGTT..................AGCAGCAACTTAGCCTGGTACCAGCAGAAACCTGGCCAGGCTCCCAGGCTCCTCATCTATGGTGCA.....................TCCACCAGGGCCACTGGTATCCCA...GCCAGGTTCAGTGGCAGTGGG......TCTGGGACAGAGTTCACTCTCACCATCAGCAGCCTGCAGTCTGAAGATTTTGCAGTTTATTACTGTCAGCAGTATAATAACTGGCCTCC,36,"HG00117,HG00136,HG00178,HG01616,HG01700,HG01756,HG01887,HG02107,HG02284,HG02391,HG02433,HG02513,HG02597,HG02700,HG03018,HG03196,HG03604,HG03718,HG03786,HG04153,NA12778,NA18533,NA18543,NA18572,NA18979,NA19055,NA19108,NA19735,NA19916,NA20351,NA20543,NA20774,NA20813,NA20903,NA21103,NA21110"
IGKV3-15*01,IGK,IGKV,ACAAAAACC,ACAGTG,,,GAAATAGTGATGACGCAGTCTCCAGCCACCCTGTCTGTGTCTCCAGGGGAAAGAGCCACCCTCTCCTGCAGGGCCAGTCAGAGTGTT..................AGCAGCAACTTAGCCTGGTACCAGCAGAAACCTGGCCAGGCTCCCAGGCTCCTCATCTATGGTGCA.....................TCCACCAGGGCCACTGGTATCCCA...GCCAGGTTCAGTGGCAGTGGG......TCTGGGACAGAGTTCACTCTCACCATCAGCAGCCTGCAGTCTGAAGATTTTGCAGTTTATTACTGTCAGCAGTATAATAACTGGCCTCC,1,HG02597
IGKV3-20*01,IGK,IGKV,ACAAAAACC,CACAGTG,,,GAAATTGTGTTGACGCAGTCTCCAGGCACCCTGTCTTTGTCTCCAGGGGAAAGAGCCACCCTCTCCTGCAGGGCCAGTCAGAGTGTTAGC...............AGCAGCTACTTAGCCTGGTACCAGCAGAAACCTGGCCAGGCTCCCAGGCTCCTCATCTATGGTGCA.....................TCCAGCAGGGCCACTGGCATCCCA...GACAGGTTCAGTGGCAGTGGG......TCTGGGACAGACTTCACTCTCACCATCAGCAGACTGGAGCCTGAAGATTTTGCAGTGTATTACTGTCAGCAGTATGGTAGCTCACCTCC,36,"HG00117,HG00136,HG00178,HG01616,HG01700,HG01756,HG01887,HG02107,HG02284,HG02391,HG02433,HG02513,HG02597,HG02700,HG03018,HG03196,HG03604,HG03718,HG03786,HG04153,NA12778,NA18533,NA18543,NA18572,NA18979,NA19055,NA19108,NA19735,NA19916,NA20351,NA20543,NA20774,NA20813,NA20903,NA21103,NA21110"
IGKV3-20*01,IGK,IGKV,ACAAAAACC,ACAGTG,,,GAAATTGTGTTGACGCAGTCTCCAGGCACCCTGTCTTTGTCTCCAGGGGAAAGAGCCACCCTCTCCTGCAGGGCCAGTCAGAGTGTTAGC...............AGCAGCTACTTAGCCTGGTACCAGCAGAAACCTGGCCAGGCTCCCAGGCTCCTCATCTATGGTGCA.....................TCCAGCAGGGCCACTGGCATCCCA...GACAGGTTCAGTGGCAGTGGG......TCTGGGACAGACTTCACTCTCACCATCAGCAGACTGGAGCCTGAAGATTTTGCAGTGTATTACTGTCAGCAGTATGGTAGCTCACCTCC,1,NA20903
IGKV3-7*05,IGK,IGKV,ACAAAAACC,CACAGTG,,,GAAATTGTAATGACACAGTCTCCACCCACCCTGTCTTTGTCTCCAGGGGAAAGAGTCACCCTCTCCTGCAGGGCCAGTCAGAGTGTTAGC...............AGCAGCTACTTAACCTGGTATCAGCAGAAACCTGGCCAGGCGCCCAGGCTCCTCATCTATGGTGCA.....................TCCACCAGGGCCACTGGCATCCCA...GCCAGGTTCAGTGGCAGTGGG......TCTGGGACAGACTTCACTCTCACCATCAGCAGCCTGCAGCCTGAAGATTTTGCAGTTTATTACTGTCAGCAGGATTATAACTTACCTCC,16,"HG00117,HG00136,HG01616,HG01700,HG02391,HG02513,HG03018,HG03786,HG04153,NA12778,NA18533,NA18572,NA18979,NA19055,NA19735,NA20774"
IGKV3D-11*02_g53a,IGK,IGKV,ACAAAAACC,CACAGTG,,,GAAATTGTGTTGACACAGTCTCCAGCCACCCTGTCTTTGTCTCCAGGGGAAAAAGCCACCCTCTCCTGCAGGGCCAGTCAGAGTGTT..................AGCAGCTACTTAGCCTGGTACCAGCAGAAACCTGGCCAGGCTCCCAGGCTCCTCATCTATGATGCA.....................TCCAACAGGGCCACTGGCATCCCA...GCCAGGTTCAGTGGCAGTGGG......CCTGGGACAGACTTCACTCTCACCATCAGCAGCCTAGAGCCTGAAGATTTTGCAGTTTATTACTGTCAGCAGCGTAGCAACTGGCATCC,1,HG00117
IGKV3D-15*01_c14t,IGK,IGKV,ACAAAAACC,CACAGTG,,,GAAATAGTGATGATGCAGTCTCCAGCCACCCTGTCTGTGTCTCCAGGGGAAAGAGCCACCCTCTCCTGCAGGGCCAGTCAGAGTGTT..................AGCAGCAACTTAGCCTGGTACCAGCAGAAACCTGGCCAGGCTCCCAGGCTCCTCATCTATGGTGCA.....................TCCACCAGGGCCACTGGCATCCCA...GCCAGGTTCAGTGGCAGTGGG......TCTGGGACAGAGTTCACTCTCACCATCAGCAGCCTGCAGTCTGAAGATTTTGCAGTTTATTACTGTCAGCAGTATAATAACTGGCCTCC,8,"HG00117,HG01756,HG02513,HG03196,NA18533,NA18979,NA19108,NA19916"
IGKV3D-20*01,IGK,IGKV,ACAAAAACC,CACAGTG,,,GAAATTGTGTTGACGCAGTCTCCAGCCACCCTGTCTTTGTCTCCAGGGGAAAGAGCCACCCTCTCCTGCGGGGCCAGTCAGAGTGTTAGC...............AGCAGCTACTTAGCCTGGTACCAGCAGAAACCTGGCCTGGCGCCCAGGCTCCTCATCTATGATGCA.....................TCCAGCAGGGCCACTGGCATCCCA...GACAGGTTCAGTGGCAGTGGG......TCTGGGACAGACTTCACTCTCACCATCAGCAGACTGGAGCCTGAAGATTTTGCAGTGTATTACTGTCAGCAGTATGGTAGCTCACCTCC,36,"HG00117,HG00136,HG00178,HG01616,HG01700,HG01756,HG01887,HG02107,HG02284,HG02391,HG02433,HG02513,HG02597,HG02700,HG03018,HG03196,HG03604,HG03718,HG03786,HG04153,NA12778,NA18533,NA18543,NA18572,NA18979,NA19055,NA19108,NA19735,NA19916,NA20351,NA20543,NA20774,NA20813,NA20903,NA21103,NA21110"
IGKV3D-7*01,IGK,IGKV,ACAAAAACC,CACAGTG,,,GAAATTGTAATGACACAGTCTCCAGCCACCCTGTCTTTGTCTCCAGGGGAAAGAGCCACCCTCTCCTGCAGGGCCAGTCAGAGTGTTAGC...............AGCAGCTACTTATCCTGGTACCAGCAGAAACCTGGGCAGGCTCCCAGGCTCCTCATCTATGGTGCA.....................TCCACCAGGGCCACTGGCATCCCA...GCCAGGTTCAGTGGCAGTGGG......TCTGGGACAGACTTCACTCTCACCATCAGCAGCCTGCAGCCTGAAGATTTTGCAGTTTATTACTGTCAGCAGGATTATAACTTACCTCC,36,"HG00117,HG00136,HG00178,HG01616,HG01700,HG01756,HG01887,HG02107,HG02284,HG02391,HG02433,HG02513,HG02597,HG02700,HG03018,HG03196,HG03604,HG03718,HG03786,HG04153,NA12778,NA18533,NA18543,NA18572,NA18979,NA19055,NA19108,NA19735,NA19916,NA20351,NA20543,NA20774,NA20813,NA20903,NA21103,NA21110"
IGKV4-1*01,IGK,IGKV,ACACAAACC,CACAGTG,,,GACATCGTGATGACCCAGTCTCCAGACTCCCTGGCTGTGTCTCTGGGCGAGAGGGCCACCATCAACTGCAAGTCCAGCCAGAGTGTTTTATACAGCTCCAACAATAAGAACTACTTAGCTTGGTACCAGCAGAAACCAGGACAGCCTCCTAAGCTGCTCATTTACTGGGCA.....................TCTACCCGGGAATCCGGGGTCCCT...GACCGATTCAGTGGCAGCGGG......TCTGGGACAGATTTCACTCTCACCATCAGCAGCCTGCAGGCTGAAGATGTGGCAGTTTATTACTGTCAGCAATATTATAGTACTCCTCC,36,"HG00117,HG00136,HG00178,HG01616,HG01700,HG01756,HG01887,HG02107,HG02284,HG02391,HG02433,HG02513,HG02597,HG02700,HG03018,HG03196,HG03604,HG03718,HG03786,HG04153,NA12778,NA18533,NA18543,NA18572,NA18979,NA19055,NA19108,NA19735,NA19916,NA20351,NA20543,NA20774,NA20813,NA20903,NA21103,NA21110"
IGKV5-2*02,IGK,IGKV,ACAAAAACC,CACAGTG,,,GAAACGACACTCACGCAGTCTCCAGCATTCATGTCAGCGACTCCAGGAGACAAAGTCAACATCTCCTGCAAAGCCAGCCAAGACATT..................GATGATGATATGAACTGGTACCAACAGAAACCAGGAGAAGCTGCTATTTTCATTATTCAAGAAGCT.....................ACTACTCTCGTTCCTGGAATCTCA...CCTCGATTCAGTGGCAGCGGG......TATGGAACAGATTTTACCCTCACAATTAATAACATAGAATCTGAGGATGCTGCATATTACTTCTGTCTACAACATGATAATTTCCCTCT,23,"HG00117,HG00136,HG01887,HG02107,HG02391,HG02513,HG02700,HG03018,HG03718,HG03786,HG04153,NA12778,NA18533,NA18543,NA18572,NA18979,NA19055,NA19108,NA19735,NA19916,NA20774,NA20813,NA21103"
IGKV6-21*01,IGK,IGKV,ACAAAAACT,CACTGTG,,,GAAATTGTGCTGACTCAGTCTCCAGACTTTCAGTCTGTGACTCCAAAGGAGAAAGTCACCATCACCTGCCGGGCCAGTCAGAGCATT..................GGTAGTAGCTTACACTGGTACCAGCAGAAACCAGATCAGTCTCCAAAGCTCCTCATCAAGTATGCT.....................TCCCAGTCCTTCTCAGGGGTCCCC...TCGAGGTTCAGTGGCAGTGGA......TCTGGGACAGATTTCACCCTCACCATCAATAGCCTGGAAGCTGAAGATGCTGCAACGTATTACTGTCATCAGAGTAGTAGTTTACCTCA,36,"HG00117,HG00136,HG00178,HG01616,HG01700,HG01756,HG01887,HG02107,HG02284,HG02391,HG02433,HG02513,HG02597,HG02700,HG03018,HG03196,HG03604,HG03718,HG03786,HG04153,NA12778,NA18533,NA18543,NA18572,NA18979,NA19055,NA19108,NA19735,NA19916,NA20351,NA20543,NA20774,NA20813,NA20903,NA21103,NA21110"
IGKV6-21*01,IGK,IGKV,GCAAAAACT,CACTGTG,,,GAAATTGTGCTGACTCAGTCTCCAGACTTTCAGTCTGTGACTCCAAAGGAGAAAGTCACCATCACCTGCCGGGCCAGTCAGAGCATT..................GGTAGTAGCTTACACTGGTACCAGCAGAAACCAGATCAGTCTCCAAAGCTCCTCATCAAGTATGCT.....................TCCCAGTCCTTCTCAGGGGTCCCC...TCGAGGTTCAGTGGCAGTGGA......TCTGGGACAGATTTCACCCTCACCATCAATAGCCTGGAAGCTGAAGATGCTGCAACGTATTACTGTCATCAGAGTAGTAGTTTACCTCA,1,NA12778
IGKV6D-21*02,IGK,IGKV,ACAAAAACT,CACTGTG,,,GAAATTGTGCTGACTCAGTCTCCAGACTTTCAGTCTGTGACTCCAAAGGAGAAAGTCACCATCACCTGCCGGGCCAGTCAGAGCATT..................GGTAGTAGCTTACACTGGTACCAGCAGAAACCAGATCAGTCTCCAAAGCTCCTCATCAAGTATGCT.....................TCCCAGTCCATCTCAGGGGTCCCC...TCGAGGTTCAGTGGCAGTGGA......TCTGGGACAGATTTCACCCTCACCATCAATAGCCTGGAAGCTGAAGATGCTGCAGCGTATTACTGTCATCAGAGTAGTAGTTTACCTCA,36,"HG00117,HG00136,HG00178,HG01616,HG01700,HG01756,HG01887,HG02107,HG02284,HG02391,HG02433,HG02513,HG02597,HG02700,HG03018,HG03196,HG03604,HG03718,HG03786,HG04153,NA12778,NA18533,NA18543,NA18572,NA18979,NA19055,NA19108,NA19735,NA19916,NA20351,NA20543,NA20774,NA20813,NA20903,NA21103,NA21110"
IGKV6D-21*02,IGK,IGKV,ACAAAAAGT,CACTGTG,,,GAAATTGTGCTGACTCAGTCTCCAGACTTTCAGTCTGTGACTCCAAAGGAGAAAGTCACCATCACCTGCCGGGCCAGTCAGAGCATT..................GGTAGTAGCTTACACTGGTACCAGCAGAAACCAGATCAGTCTCCAAAGCTCCTCATCAAGTATGCT.....................TCCCAGTCCATCTCAGGGGTCCCC...TCGAGGTTCAGTGGCAGTGGA......TCTGGGACAGATTTCACCCTCACCATCAATAGCCTGGAAGCTGAAGATGCTGCAGCGTATTACTGTCATCAGAGTAGTAGTTTACCTCA,1,NA21110
IGKV6D-41*01,IGK,IGKV,ACAAAAATT,CACTGTG,,,GATGTTGTGATGACACAGTCTCCAGCTTTCCTCTCTGTGACTCCAGGGGAGAAAGTCACCATCACCTGCCAGGCCAGTGAAGGCATT..................GGCAACTACTTATACTGGTACCAGCAGAAACCAGATCAAGCCCCAAAGCTCCTCATCAAGTATGCT.....................TCCCAGTCCATCTCAGGGGTCCCC...TCGAGGTTCAGTGGCAGTGGA......TCTGGGACAGATTTCACCTTTACCATCAGTAGCCTGGAAGCTGAAGATGCTGCAACATATTACTGTCAGCAGGGCAATAAGCACCCTCA,36,"HG00117,HG00136,HG00178,HG01616,HG01700,HG01756,HG01887,HG02107,HG02284,HG02391,HG02433,HG02513,HG02597,HG02700,HG03018,HG03196,HG03604,HG03718,HG03786,HG04153,NA12778,NA18533,NA18543,NA18572,NA18979,NA19055,NA19108,NA19735,NA19916,NA20351,NA20543,NA20774,NA20813,NA20903,NA21103,NA21110"
IGKV6D-41*01,IGK,IGKV,ACAAAAATT,CACTGTG,,,GATGTTGTGATGACACAGTCTCCAGCTTTCCTCTCTGTGACTCCAGGGGAGAAAGTCACCATCACCTGCCAGGCCAGTGAAGGCATT..................GGCAACTACTTATACTGGTACCAGCAGAAACCAGATCAAGCCCCAAAGCTCCTCATCAAGTATGCT.....................TCCCAGTCCATCTCAGGGGTCCCC...TCGAGGTTCAGTGGCAGTGGA......TCTGGGACAGATTTCACCTTTACCATCAGTAGCCTGGAAGCTGAAGATGCTGCAACATATTACTGTCAGCAGGGCAATAAGCACCCTCA,36,"HG00117,HG00136,HG00178,HG01616,HG01700,HG01756,HG01887,HG02107,HG02284,HG02391,HG02433,HG02513,HG02597,HG02700,HG03018,HG03196,HG03604,HG03718,HG03786,HG04153,NA12778,NA18533,NA18543,NA18572,NA18979,NA19055,NA19108,NA19735,NA19916,NA20351,NA20543,NA20774,NA20813,NA20903,NA21103,NA21110"
IGKJ2*01_g30c,IGK,IGKJ,,,AGTTTTTGT,CATTGTG,TGTACACTTTTGGCCAGGGGACCAAGCTGCAGATCAAAC,1,HG00117
IGKJ4*01,IGK,IGKJ,,,GGTTTTTGT,CACTGTG,GCTCACTTTCGGCGGAGGGACCAAGGTGGAGATCAAAC,36,"HG00117,HG00136,HG00178,HG01616,HG01700,HG01756,HG01887,HG02107,HG02284,HG02391,HG02433,HG02513,HG02597,HG02700,HG03018,HG03196,HG03604,HG03718,HG03786,HG04153,NA12778,NA18533,NA18543,NA18572,NA18979,NA19055,NA19108,NA19735,NA19916,NA20351,NA20543,NA20774,NA20813,NA20903,NA21103,NA21110"
IGKJ5*01_g31a,IGK,IGKJ,,,GATTTTTGT,CACTGTG,GATCACCTTCGGCCAAGGGACACGACTGGAAATTAAAC,1,HG00117
IGKV1-13*01_a123g,IGK,IGKV,ACATAAACC,CATAGTG,,,GCCATCCAGTTGACCCAGTCTCCATCCTCCCTGTCTGCATCTGTAGGAGACAGAGTCACCATCACTTGCCGGGCAAGTCAGGGCATT..................AGCAGTGCTTTAGCCTGGTATCAGCAGAAACCAGGGAAAGCTCCTAAGCTCCTGATCTATGATGCC.....................TCCAGTTTGGAAAGTGGGGTCCCA...TCAAGGTTCAGCGGCAGTGGA......TCTGGGACAGATTTCACTCTCACCATCAGCAGCCTGCAGCCTGAAGATTTTGCAACTTATTACTGTCAACAGTTTAATAATTACCCTCA,22,"HG00117,HG00136,HG01887,HG02107,HG02284,HG02391,HG02433,HG02513,HG03018,HG03718,HG03786,HG04153,NA12778,NA18533,NA18572,NA18979,NA19055,NA19108,NA19735,NA19916,NA20351,NA20774"
IGKV1-5*01,IGK,IGKV,ACATAAACC,CACAGTG,,,GACATCCAGATGACCCAGTCTCCTTCCACCCTGTCTGCATCTGTAGGAGACAGAGTCACCATCACTTGCCGGGCCAGTCAGAGTATT..................AGTAGCTGGTTGGCCTGGTATCAGCAGAAACCAGGGAAAGCCCCTAAGCTCCTGATCTATGATGCC.....................TCCAGTTTGGAAAGTGGGGTCCCA...TCAAGGTTCAGCGGCAGTGGA......TCTGGGACAGAATTCACTCTCACCATCAGCAGCCTGCAGCCTGATGATTTTGCAACTTATTACTGCCAACAGTATAATAGTTATTCTCC,7,"HG00117,HG00136,HG03018,HG03718,HG03786,HG04153,NA12778"
IGKV1-6*01_g9a,IGK,IGKV,ACAGAAACC,CACAGTG,,,GCCATCCAAATGACCCAGTCTCCATCCTCCCTGTCTGCATCTGTAGGAGACAGAGTCACCATCACTTGCCGGGCAAGTCAGGGCATT..................AGAAATGATTTAGGCTGGTATCAGCAGAAACCAGGGAAAGCCCCTAAGCTCCTGATCTATGCTGCA.....................TCCAGTTTACAAAGTGGGGTCCCA...TCAAGGTTCAGCGGCAGTGGA......TCTGGCACAGATTTCACTCTCACCATCAGCAGCCTGCAGCCTGAAGATTTTGCAACTTATTACTGTCTACAAGATTACAATTACCCTCC,7,"HG00117,HG00136,HG03018,HG03718,HG03786,HG04153,NA12778"
IGKV1-8*03,IGK,IGKV,ACAAAAACC,CACAGTG,,,GCCATCCGGATGACCCAGTCTCCATCCTCACTCTCTGCATCTACAGGAGACAGAGTCACCATCACTTGTCGGGCGAGTCAGGGTATT..................AGCAGTTATTTAGCCTGGTATCAGCAAAAACCAGGGAAAGCCCCTAAGCTCCTGATCTATGCTGCA.....................TCCACTTTGCAAAGTGGGGTCCCA...TCAAGGTTCAGCGGCAGTGGA......TCTGGGACAGATTTCACTCTCACCATCAGCTGCCTGCAGTCTGAAGATTTTGCAACTTATTACTGTCAACAGTATTATAGTTACCCTCC,11,"HG00117,HG00136,HG01887,HG02107,HG02284,HG03018,HG03718,HG03786,HG04153,NA12778,NA20351"
IGKV1D-12*02,IGK,IGKV,ACATAAACC,CACAGTG,,,GACATCCAGATGACCCAGTCTCCATCTTCCGTGTCTGCATCTGTAGGAGACAGAGTCACCATCACTTGTCGGGCGAGTCAGGGTATT..................AGCAGCTGGTTAGCCTGGTATCAGCAGAAACCAGGGAAAGCCCCTAAGCTCCTGATCTATGCTGCA.....................TCCAGTTTGCAAAGTGGGGTCCCA...TCAAGGTTCAGCGGCAGTGGA......TCTGGGACAGATTTCACTCTCACCATCAGCAGCCTGCAGCCTGAAGATTTTGCAACTTACTATTGTCAACAGGCTAACAGTTTCCCTTC,18,"HG00117,HG00136,HG01887,HG02107,HG02284,HG02513,HG02700,HG03196,HG03718,NA12778,NA18543,NA19055,NA19108,NA19916,NA20351,NA20774,NA20813,NA20903"
IGKV1D-13*02,IGK,IGKV,ACATAAACC,CACAGTG,,,GCCATCCAGTTGACCCAGTCTCCATCCTCCCTGTCTGCATCTGTAGGAGACAGAGTCACCATCACTTGCCGGGCAAGTCAGGGCATT..................AGCAGTGCTTTAGCCTGGTATCAGCAGAAACCAGGGAAAGCTCCTAAGCTCCTGATCTATGATGCC.....................TCCAGTTTGGAAAGTGGGGTCCCA...TCAAGGTTCAGCGGCAGTGGA......TCTGGGACAGATTTCACTCTCACCATCAGCAGCCTGCAGCCTGAAGATTTTGCAACTTATTACTGTCAACAGTTTAATAGTTACCCTCA,18,"HG00117,HG00136,HG01887,HG02107,HG02284,HG02513,HG02700,HG03196,HG03718,NA12778,NA18543,NA19055,NA19108,NA19916,NA20351,NA20774,NA20813,NA20903"
IGKV1D-42*02,IGK,IGKV,ACATAAGCC,CACAGGG,,,GACATCCAGATGACCCAGTCTCCATCTTTCCTGTCTGCATCTGTAGGAGACAGAGTCAGTATCATTTGCTGGGCAAGTGAGGGCATT..................AGCAGTAATTTAGCCTGGTATCTGCAGAAACCAGGGAAATCCCCTAAGCTCTTCCTCTATGATGCA.....................AAAGATTTGCACCCTGGGGTCTCA...TCGAGGTTCAGTGGCAGGGGA......TCTGGGACGGATTTCACTCTCACCATCATCAGCCTGAAGCCTGAAGATTTTGCAGCTTATTACTGTAAACAGGACTTCAGTTACCCTCC,16,"HG00117,HG00136,HG01887,HG02107,HG02513,HG02700,HG03196,HG03718,NA12778,NA18543,NA19055,NA19108,NA19916,NA20774,NA20813,NA20903"
IGKV1D-8*02,IGK,IGKV,ACAAAAACC,CACAGTG,,,GCCATCTGGATGACCCAGTCTCCATCCTTACTCTCTGCATCTACAGGAGACAGAGTCACCATCAGTTGTCGGATGAGTCAGGGCATT..................AGCAGTTATTTAGCCTGGTATCAGCAAAAACCAGGGAAAGCCCCTGAGCTCCTGATCTATGCTGCA.....................TCCACTTTGCAAAGTGGGGTCCCA...TCAAGGTTCAGTGGCAGTGGA......TCTGGGACAGATTTCACTCTCACCATCAGCTGCCTGCAGTCTGAAGATTTTGCAACTTATTACTGTCAACAGTATTATAGTTTCCCTCC,16,"HG00117,HG00136,HG01887,HG02107,HG02284,HG02513,HG02700,HG03196,NA18543,NA19055,NA19108,NA19916,NA20351,NA20774,NA20813,NA20903"
IGKV3D-11*02,IGK,IGKV,ACAAAAACC,CACAGTG,,,GAAATTGTGTTGACACAGTCTCCAGCCACCCTGTCTTTGTCTCCAGGGGAAAGAGCCACCCTCTCCTGCAGGGCCAGTCAGAGTGTT..................AGCAGCTACTTAGCCTGGTACCAGCAGAAACCTGGCCAGGCTCCCAGGCTCCTCATCTATGATGCA.....................TCCAACAGGGCCACTGGCATCCCA...GCCAGGTTCAGTGGCAGTGGG......CCTGGGACAGACTTCACTCTCACCATCAGCAGCCTAGAGCCTGAAGATTTTGCAGTTTATTACTGTCAGCAGCGTAGCAACTGGCATCC,28,"HG00117,HG00136,HG01616,HG01700,HG01756,HG01887,HG02107,HG02284,HG02513,HG02597,HG02700,HG03018,HG03196,HG03718,HG04153,NA12778,NA18533,NA18543,NA18979,NA19055,NA19108,NA19916,NA20351,NA20543,NA20774,NA20813,NA20903,NA21110"
IGKV3D-15*03,IGK,IGKV,ACAAAAACC,CACAGTG,,,GAAATAGTGATGACGCAGTCTCCAGCCACCCTGTCTGTGTCTCCAGGGGAAAGAGCCACCCTCTCCTGCAGGGCCAGTCAGAGTGTT..................AGCAGCAACTTAGCCTGGTACCAGCAGAAACCTGGCCAGGCTCCCAGGCTCCTCATCTATGGTGCA.....................TCCATCAGGGCCACTGGCATCCCA...GCCAGGTTCAGTGGCAGTGGG......TCTGGGACAGAGTTCACTCTCACCATCAGCATCCTGCAGTCTGAAGATTTTGCAGTTTATTACTGTCAGCAGTATAATAACTGGCCTCC,15,"HG00117,HG00136,HG01887,HG02107,HG02284,HG02513,HG02700,NA18543,NA19055,NA19108,NA19916,NA20351,NA20774,NA20813,NA20903"
IGKV4-1*02,IGK,IGKV,ACACAAACC,CACAGTG,,,GACATCGTGATGACCCAGTCTCCAGACTCCCTGGCTGTGTCTCTGGGCGAGAGGGCCACCATCAACTGCAAGTCCAGCCAGAGTGTTTTATACAGCTCCAACAATAAGAACTACTTAGCTTGGTACCAGCAGAAACCAGGACAGCCTCCTAAGCTGCTCATTTACTGGGCA.....................TCTACCCGGGAATCCGGGGTCCCT...GACCGATTCAGTGGCAGCGGG......TCTGGGACAGATTTCACTCTCACCATCAGCAGCCTGCAGGCTGAAGATGTGGCAGTTTATTACTGTCAGCAGTATTATAGTACTCCTCC,8,"HG00117,HG00136,HG02433,HG03018,HG03718,HG03786,HG04153,NA12778"
IGKV4-1*02,IGK,IGKV,ACACAAACC,CACAGTG,,,GACATCGTGATGACCCAGTCTCCAGACTCCCTGGCTGTGTCTCTGGGCGAGAGGGCCACCATCAACTGCAAGTCCAGCCAGAGTGTTTTATACAGCTCCAACAATAAGAACTACTTAGCTTGGTACCAGCAGAAACCAGGACAGCCTCCTAAGCTGCTCATTTACTGGGCA.....................TCTACCCGGGAATCCGGGGTCCCT...GACCGATTCAGTGGCAGCGGG......TCTGGGACAGATTTCACTCTCACCATCAGCAGCCTGCAGGCTGAAGATGTGGCAGTTTATTACTGTCAGCAGTATTATAGTACTCCTCC,8,"HG00117,HG00136,HG02433,HG03018,HG03718,HG03786,HG04153,NA12778"
IGKV1D-16*02,IGK,IGKV,ACATAAACC,CACAGTG,,,GACATCCAGATGACCCAGTCTCCATCCTCACTGTCTGCATCTGTAGGAGACAGAGTCACCATCACTTGTCGGGCGAGGCAGGGTATT..................AGCAGCTGGTTAGCCTGGTATCAGCAGAAACCAGAGAAAGCCCCTAAGTCCCTGATCTATGCTGCA.....................TCCAGTTTGCAAAGTGGGGTCCCA...TCAAGGTTCAGCGGCAGTGGA......TCTGGGACAGATTTCACTCTCACCATCAGCAGCCTGCAGCCTGAAGATTTTGCAACTTATTACTGCCAACAGTATAATAGTTACCCTCC,3,"HG00136,HG03718,NA12778"
IGKV1D-8*03,IGK,IGKV,ACAAAAACC,CACAGTG,,,GTCATCTGGATGACCCAGTCTCCATCCTTACTCTCTGCATCTACAGGAGACAGAGTCACCATCAGTTGTCGGATGAGTCAGGGCATT..................AGCAGTTATTTAGCCTGGTATCAGCAAAAACCAGGGAAAGCCCCTGAGCTCCTGATCTATGCTGCA.....................TCCACTTTGCAAAGTGGGGTCCCA...TCAAGGTTCAGTGGCAGTGGA......TCTGGGACAGATTTCACTCTCACCATCAGCTGCCTGCAGTCTGAAGATTTTGCAACTTATTACTGTCAACAGTATTATAGTTTCCCTCC,3,"HG00136,HG03718,NA12778"
IGKV2D-26*01_a153g,IGK,IGKV,GCACAAACC,CACAGTG,,,GAGATTGTGATGACCCAGACTCCACTCTCCTTGTCTATCACCCCTGGAGAGCAGGCCTCCATCTCCTGCAGGTCTAGTCAGAGCCTCCTGCATAGT...GATGGATACACCTATTTGTATTGGTTTCTGCAGAAAGCCAGGCCAGTCTCCACGCTCCTGATCTATGAAGTT.....................TCCAACCGGTTCTCTGGAGTGCCA...GATAGGTTCAGTGGCAGCGGG......TCAGGGACAGATTTCACACTGAAAATCAGCCGGGTGGAGGCTGAGGATTTTGGAGTTTATTACTGCATGCAAGATGCACAAGATCCTCC,14,"HG00136,HG01616,HG01887,HG02107,HG02284,HG02597,HG03018,HG03718,NA12778,NA18533,NA19108,NA19735,NA19916,NA20351"
IGKV2D-29*02,IGK,IGKV,ACAGAAACC,CACAGAG,,,GATATTGTGATGACCCAGACTCCACTCTCTCTGTCCGTCACCCCTGGACAGCCGGCCTCCATCTCCTGCAAGTCTAGTCAGAGCCTCCTGCATAGT...GATGGAAAGACCTATTTGTATTGGTACCTGCAGAAGCCAGGCCAGTCTCCACAGCTCCTGATCTATGAAGTT.....................TCCAACCGGTTCTCTGGAGTGCCA...GATAGGTTCAGTGGCAGCGGG......TCAGGGACAGATTTCACACTGAAAATCAGCCGGGTGGAGGCTGAGGATGTTGGGGTTTATTACTGCATGCAAAGTATACAGCTTCCTCC,3,"HG00136,HG03718,NA12778"
IGKV2D-29*02,IGK,IGKV,ACAGAAACC,CACAGTG,,,GATATTGTGATGACCCAGACTCCACTCTCTCTGTCCGTCACCCCTGGACAGCCGGCCTCCATCTCCTGCAAGTCTAGTCAGAGCCTCCTGCATAGT...GATGGAAAGACCTATTTGTATTGGTACCTGCAGAAGCCAGGCCAGTCTCCACAGCTCCTGATCTATGAAGTT.....................TCCAACCGGTTCTCTGGAGTGCCA...GATAGGTTCAGTGGCAGCGGG......TCAGGGACAGATTTCACACTGAAAATCAGCCGGGTGGAGGCTGAGGATGTTGGGGTTTATTACTGCATGCAAAGTATACAGCTTCCTCC,11,"HG01616,HG01887,HG02107,HG02284,HG02433,HG03018,NA18533,NA19108,NA19735,NA19916,NA20351"
IGKV3D-15*01_c197t,IGK,IGKV,ACAAAAACC,CACAGTG,,,GAAATAGTGATGACGCAGTCTCCAGCCACCCTGTCTGTGTCTCCAGGGGAAAGAGCCACCCTCTCCTGCAGGGCCAGTCAGAGTGTT..................AGCAGCAACTTAGCCTGGTACCAGCAGAAACCTGGCCAGGCTCCCAGGCTCCTCATCTATGGTGCA.....................TCCATCAGGGCCACTGGCATCCCA...GCCAGGTTCAGTGGCAGTGGG......TCTGGGACAGAGTTCACTCTCACCATCAGCAGCCTGCAGTCTGAAGATTTTGCAGTTTATTACTGTCAGCAGTATAATAACTGGCCTCC,3,"HG00136,HG03718,NA12778"
IGKV6D-21*01_a301g,IGK,IGKV,ACAAAAACT,CACTGTG,,,GAAATTGTGCTGACTCAGTCTCCAGACTTTCAGTCTGTGACTCCAAAGGAGAAAGTCACCATCACCTGCCGGGCCAGTCAGAGCATT..................GGTAGTAGCTTACACTGGTACCAGCAGAAACCAGATCAGTCTCCAAAGCTCCTCATCAAGTATGCT.....................TCCCAGTCCTTCTCAGGGGTCCCC...TCGAGGTTCAGTGGCAGTGGA......TCTGGGACAGATTTCACCCTCACCATCAATAGCCTGGAAGCTGAAGATGCTGCAGCGTATTACTGTCATCAGAGTAGTAGTTTACCTCA,3,"HG00136,HG03718,NA12778"
IGKV6D-21*01_a301g,IGK,IGKV,ACAAAAACT,CACTGTG,,,GAAATTGTGCTGACTCAGTCTCCAGACTTTCAGTCTGTGACTCCAAAGGAGAAAGTCACCATCACCTGCCGGGCCAGTCAGAGCATT..................GGTAGTAGCTTACACTGGTACCAGCAGAAACCAGATCAGTCTCCAAAGCTCCTCATCAAGTATGCT.....................TCCCAGTCCTTCTCAGGGGTCCCC...TCGAGGTTCAGTGGCAGTGGA......TCTGGGACAGATTTCACCCTCACCATCAATAGCCTGGAAGCTGAAGATGCTGCAGCGTATTACTGTCATCAGAGTAGTAGTTTACCTCA,3,"HG00136,HG03718,NA12778"
IGKJ2*04,IGK,IGKJ,,,AGTTTTTGT,CATTGTG,TGTGCAGTTTTGGCCAGGGGACCAAGCTGGAGATCAAAC,2,"HG00136,HG02700"
IGKV1-17*01,IGK,IGKV,ACATAAACC,CACAGTG,,,GACATCCAGATGACCCAGTCTCCATCCTCCCTGTCTGCATCTGTAGGAGACAGAGTCACCATCACTTGCCGGGCAAGTCAGGGCATT..................AGAAATGATTTAGGCTGGTATCAGCAGAAACCAGGGAAAGCCCCTAAGCGCCTGATCTATGCTGCA.....................TCCAGTTTGCAAAGTGGGGTCCCA...TCAAGGTTCAGCGGCAGTGGA......TCTGGGACAGAATTCACTCTCACAATCAGCAGCCTGCAGCCTGAAGATTTTGCAACTTATTACTGTCTACAGCATAATAGTTACCCTCC,33,"HG00136,HG00178,HG01616,HG01700,HG01756,HG02284,HG02391,HG02433,HG02513,HG02597,HG02700,HG03018,HG03196,HG03604,HG03718,HG03786,HG04153,NA12778,NA18533,NA18543,NA18572,NA18979,NA19055,NA19108,NA19735,NA19916,NA20351,NA20543,NA20774,NA20813,NA20903,NA21103,NA21110"
IGKV1-5*03,IGK,IGKV,ACATAAACC,CACAGTG,,,GACATCCAGATGACCCAGTCTCCTTCCACCCTGTCTGCATCTGTAGGAGACAGAGTCACCATCACTTGCCGGGCCAGTCAGAGTATT..................AGTAGCTGGTTGGCCTGGTATCAGCAGAAACCAGGGAAAGCCCCTAAGCTCCTGATCTATAAGGCG.....................TCTAGTTTAGAAAGTGGGGTCCCA...TCAAGGTTCAGCGGCAGTGGA......TCTGGGACAGAATTCACTCTCACCATCAGCAGCCTGCAGCCTGATGATTTTGCAACTTATTACTGCCAACAGTATAATAGTTATTCTCC,35,"HG00136,HG00178,HG01616,HG01700,HG01756,HG01887,HG02107,HG02284,HG02391,HG02433,HG02513,HG02597,HG02700,HG03018,HG03196,HG03604,HG03718,HG03786,HG04153,NA12778,NA18533,NA18543,NA18572,NA18979,NA19055,NA19108,NA19735,NA19916,NA20351,NA20543,NA20774,NA20813,NA20903,NA21103,NA21110"
IGKV1-8*01,IGK,IGKV,ACAAAAACC,CACAGTG,,,GCCATCCGGATGACCCAGTCTCCATCCTCATTCTCTGCATCTACAGGAGACAGAGTCACCATCACTTGTCGGGCGAGTCAGGGTATT..................AGCAGTTATTTAGCCTGGTATCAGCAAAAACCAGGGAAAGCCCCTAAGCTCCTGATCTATGCTGCA.....................TCCACTTTGCAAAGTGGGGTCCCA...TCAAGGTTCAGCGGCAGTGGA......TCTGGGACAGATTTCACTCTCACCATCAGCTGCCTGCAGTCTGAAGATTTTGCAACTTATTACTGTCAACAGTATTATAGTTACCCTCC,34,"HG00136,HG00178,HG01616,HG01700,HG01756,HG01887,HG02107,HG02284,HG02391,HG02433,HG02597,HG02700,HG03018,HG03196,HG03604,HG03718,HG03786,HG04153,NA12778,NA18533,NA18543,NA18572,NA18979,NA19055,NA19108,NA19735,NA19916,NA20351,NA20543,NA20774,NA20813,NA20903,NA21103,NA21110"
IGKV1-8*01,IGK,IGKV,ACAAAAACC,ACAGTG,,,GCCATCCGGATGACCCAGTCTCCATCCTCATTCTCTGCATCTACAGGAGACAGAGTCACCATCACTTGTCGGGCGAGTCAGGGTATT..................AGCAGTTATTTAGCCTGGTATCAGCAAAAACCAGGGAAAGCCCCTAAGCTCCTGATCTATGCTGCA.....................TCCACTTTGCAAAGTGGGGTCCCA...TCAAGGTTCAGCGGCAGTGGA......TCTGGGACAGATTTCACTCTCACCATCAGCTGCCTGCAGTCTGAAGATTTTGCAACTTATTACTGTCAACAGTATTATAGTTACCCTCC,1,HG02513
IGKV1-9*02,IGK,IGKV,ACATAAACC,CACAGTG,,,GACATCCAGTTGACCCAGTCTCCATCCTTCCTGTCTGCATCTGTAGGAGACAGAGTCACCATCACTTGCTGGGCCAGTCAGGGCATT..................AGCAGTTATTTAGCCTGGTATCAGCAAAAACCAGGGAAAGCCCCTAAGCTCCTGATCTATGCTGCA.....................TCCACTTTGCAAAGTGGGGTCCCA...TCAAGGTTCAGCGGCAGTGGA......TCTGGGACAGAATTCACTCTCACAATCAGCAGCCTGCAGCCTGAAGATTTTGCAACTTATTACTGTCAACAGCTTAATAGTTACCCTCC,1,HG00136
IGKV1D-39*01_c29t_c306t_315gtgtg319_c330a,IGK,IGKV,ACATAAACC,CACAGTG,,,GACATCCAGATGACCCAGTCTCCATCCTTCCTGTCTGCATCTGTAGGAGACAGAGTCACCATCACTTGCCGGGCAAGTCAGAGCATT..................AGCAGCTATTTAAATTGGTATCAGCAGAAACCAGGGAAAGCCCCTAAGCTCCTGATCTATGCTGCA.....................TCCAGTTTGCAAAGTGGGGTCCCA...TCAAGGTTCAGTGGCAGTGGA......TCTGGGACAGATTTCACTCTCACCATCAGCAGTCTGCAACCTGAAGATTTTGCAACTTATTACTGTCAGTGTGGTTACAGTACACCTCC,2,"HG00136,HG02284"
IGKV2D-28*01_t19c,IGK,IGKV,ACAGAAACC,CACAGTG,,,GATATTGTGATGACTCAGCCTCCACTCTCCCTGCCCGTCACCCCTGGAGAGCCGGCCTCCATCTCCTGCAGGTCTAGTCAGAGCCTCCTGCATAGT...AATGGATACAACTATTTGGATTGGTACCTGCAGAAGCCAGGGCAGTCTCCACAGCTCCTGATCTATTTGGGT.....................TCTAATCGGGCCTCCGGGGTCCCT...GACAGGTTCAGTGGCAGTGGA......TCAGGCACAGATTTTACACTGAAAATCAGCAGAGTGGAGGCTGAGGATGTTGGGGTTTATTACTGCATGCAAGCTCTACAAACTCCTCC,2,"HG00136,HG02700"
IGKV3-7*04,IGK,IGKV,ACAAAAACC,CACAGTG,,,GAAATTGTAATGACACAGTCTCCACCCACCCTGTCTTTGTCTCCAGGGGAAAGAGTCACCCTCTCCTGCAGGGCCAGTCAGAGTGTTAGC...............AGCAGCTACTTAACCTGGTATCAGCAGAAACCTGGCCAGGCGCCCAGGCTCCTCATCTATGGTGCA.....................TCCACCAGGGCCACTAGCATCCCA...GCCAGGTTCAGTGGCAGTGGG......TCTGGGACAGACTTCACTCTCACCATCAGCAGCCTGCAGCCTGAAGATTTTGCAGTTTATTACTGTCAGCAGGATTATAACTTACCTCC,35,"HG00136,HG00178,HG01616,HG01700,HG01756,HG01887,HG02107,HG02284,HG02391,HG02433,HG02513,HG02597,HG02700,HG03018,HG03196,HG03604,HG03718,HG03786,HG04153,NA12778,NA18533,NA18543,NA18572,NA18979,NA19055,NA19108,NA19735,NA19916,NA20351,NA20543,NA20774,NA20813,NA20903,NA21103,NA21110"
IGKV1-9*01,IGK,IGKV,ACATAAACC,CACAGTG,,,GACATCCAGTTGACCCAGTCTCCATCCTTCCTGTCTGCATCTGTAGGAGACAGAGTCACCATCACTTGCCGGGCCAGTCAGGGCATT..................AGCAGTTATTTAGCCTGGTATCAGCAAAAACCAGGGAAAGCCCCTAAGCTCCTGATCTATGCTGCA.....................TCCACTTTGCAAAGTGGGGTCCCA...TCAAGGTTCAGCGGCAGTGGA......TCTGGGACAGAATTCACTCTCACAATCAGCAGCCTGCAGCCTGAAGATTTTGCAACTTATTACTGTCAACAGCTTAATAGTTACCCTCC,34,"HG00178,HG01616,HG01700,HG01756,HG01887,HG02107,HG02284,HG02391,HG02433,HG02513,HG02597,HG02700,HG03018,HG03196,HG03604,HG03718,HG03786,HG04153,NA12778,NA18533,NA18543,NA18572,NA18979,NA19055,NA19108,NA19735,NA19916,NA20351,NA20543,NA20774,NA20813,NA20903,NA21103,NA21110"
IGKV1D-12*01,IGK,IGKV,ACATAAACC,CACAGTG,,,GACATCCAGATGACCCAGTCTCCATCTTCTGTGTCTGCATCTGTAGGAGACAGAGTCACCATCACTTGTCGGGCGAGTCAGGGTATT..................AGCAGCTGGTTAGCCTGGTATCAGCAGAAACCAGGGAAAGCCCCTAAGCTCCTGATCTATGCTGCA.....................TCCAGTTTGCAAAGTGGGGTCCCA...TCAAGGTTCAGCGGCAGTGGA......TCTGGGACAGATTTCACTCTCACTATCAGCAGCCTGCAGCCTGAAGATTTTGCAACTTACTATTGTCAACAGGCTAACAGTTTCCCTCC,31,"HG00178,HG01616,HG01700,HG01756,HG02391,HG02433,HG02513,HG02597,HG02700,HG03018,HG03196,HG03604,HG03718,HG03786,HG04153,NA12778,NA18533,NA18543,NA18572,NA18979,NA19055,NA19108,NA19735,NA19916,NA20351,NA20543,NA20774,NA20813,NA20903,NA21103,NA21110"
IGKV1D-13*01,IGK,IGKV,ACATAAACC,CATAGTG,,,GCCATCCAGTTGACCCAGTCTCCATCCTCCCTGTCTGCATCTGTAGGAGACAGAGTCACCATCACTTGCCGGGCAAGTCAGGGCATT..................AGCAGTGCTTTAGCCTGGTATCAGCAGAAACCAGGGAAAGCTCCTAAGCTCCTGATCTATGATGCC.....................TCCAGTTTGGAAAGTGGGGTCCCA...TCAAGGTTCAGCGGCAGTGGA......TCTGGGACAGATTTCACTCTCACCATCAGCAGCCTGCAGCCTGAAGATTTTGCAACTTATTACTGTCAACAGTTTAATAATTACCCTCA,31,"HG00178,HG01616,HG01700,HG01756,HG02391,HG02433,HG02513,HG02597,HG02700,HG03018,HG03196,HG03604,HG03718,HG03786,HG04153,NA12778,NA18533,NA18543,NA18572,NA18979,NA19055,NA19108,NA19735,NA19916,NA20351,NA20543,NA20774,NA20813,NA20903,NA21103,NA21110"
IGKV2D-24*01_c199t,IGK,IGKV,ACAAAAACC,CACAGTG,,,GATATTGTGATGACCCAGACTCCACTCTCCTCGCCTGTCACCCTTGGACAGCCGGCCTCCATCTCCTTCAGGTCTAGTCAAAGCCTCGTACACAGT...GATGGAAACACCTACTTGAGTTGGCTTCAGCAGAGGCCAGGCCAGCCTCCAAGACTCCTAATTTATAAGGTT.....................TCTAACTGGTTCTCTGGGGTCCCA...GACAGATTCAGTGGCAGTGGG......GCAGGGACAGATTTCACACTGAAAATCAGCAGGGTGGAAGCTGAGGATGTCGGGGTTTATTACTGCACGCAAGCTACACAATTTCCTCA,1,HG00178
IGKV3D-11*01,IGK,IGKV,ACAAAAACC,CACAGTG,,,GAAATTGTGTTGACACAGTCTCCAGCCACCCTGTCTTTGTCTCCAGGGGAAAGAGCCACCCTCTCCTGCAGGGCCAGTCAGGGTGTT..................AGCAGCTACTTAGCCTGGTACCAGCAGAAACCTGGCCAGGCTCCCAGGCTCCTCATCTATGATGCA.....................TCCAACAGGGCCACTGGCATCCCA...GCCAGGTTCAGTGGCAGTGGG......CCTGGGACAGACTTCACTCTCACCATCAGCAGCCTAGAGCCTGAAGATTTTGCAGTTTATTACTGTCAGCAGCGTAGCAACTGGCATCC,25,"HG00178,HG01616,HG01700,HG01756,HG02391,HG02433,HG02700,HG03018,HG03604,HG03718,HG03786,HG04153,NA12778,NA18543,NA18572,NA18979,NA19055,NA19735,NA20351,NA20543,NA20774,NA20813,NA20903,NA21103,NA21110"
IGKV3D-15*01,IGK,IGKV,ACAAAAACC,CACAGTG,,,GAAATAGTGATGACGCAGTCTCCAGCCACCCTGTCTGTGTCTCCAGGGGAAAGAGCCACCCTCTCCTGCAGGGCCAGTCAGAGTGTT..................AGCAGCAACTTAGCCTGGTACCAGCAGAAACCTGGCCAGGCTCCCAGGCTCCTCATCTATGGTGCA.....................TCCACCAGGGCCACTGGCATCCCA...GCCAGGTTCAGTGGCAGTGGG......TCTGGGACAGAGTTCACTCTCACCATCAGCAGCCTGCAGTCTGAAGATTTTGCAGTTTATTACTGTCAGCAGTATAATAACTGGCCTCC,29,"HG00178,HG01616,HG01700,HG01756,HG02284,HG02391,HG02433,HG02597,HG02700,HG03018,HG03196,HG03604,HG03718,HG03786,HG04153,NA12778,NA18533,NA18543,NA18572,NA18979,NA19055,NA19735,NA20351,NA20543,NA20774,NA20813,NA20903,NA21103,NA21110"
IGKV5-2*01,IGK,IGKV,ACAAAAACC,CACAGTG,,,GAAACGACACTCACGCAGTCTCCAGCATTCATGTCAGCGACTCCAGGAGACAAAGTCAACATCTCCTGCAAAGCCAGCCAAGACATT..................GATGATGATATGAACTGGTACCAACAGAAACCAGGAGAAGCTGCTATTTTCATTATTCAAGAAGCT.....................ACTACTCTCGTTCCTGGAATCCCA...CCTCGATTCAGTGGCAGCGGG......TATGGAACAGATTTTACCCTCACAATTAATAACATAGAATCTGAGGATGCTGCATATTACTTCTGTCTACAACATGATAATTTCCCTCT,33,"HG00178,HG01616,HG01700,HG01756,HG01887,HG02107,HG02284,HG02391,HG02433,HG02513,HG02597,HG02700,HG03018,HG03196,HG03604,HG03718,HG03786,HG04153,NA12778,NA18533,NA18543,NA18572,NA18979,NA19055,NA19108,NA19735,NA19916,NA20351,NA20543,NA20813,NA20903,NA21103,NA21110"
IGKV1-27*02,IGK,IGKV,ACATAAACC,CACTGTG,,,GACATCCAGATGACCCAGTCTCCATCCTCCCTGTCTGCATCTGTAGGAGACAGAGTCACCATCACTTGCCGGGCGAGTCAGGGCATT..................AGCAATTATTTAGCCTGGTATCAGCAGAAACCAGGGAAAGTTCCTAAGCTCCTGATCTATGCTGCA.....................TCCACTTTGCAATCAGGGGTCCCA...TCTCGGTTCAGCGGCAGTGGA......TCTGGGACAGATTTCACTCTCACCATCAGCAGCCTGCAGCCTGAAGATGTTGCAACTTATTACTGTCAAAAGTATAACAGTGCCCCTCC,11,"HG01616,HG02284,HG02391,HG02513,HG03018,NA18533,NA18572,NA18979,NA19055,NA19735,NA20351"
IGKV2-24*02,IGK,IGKV,ACAAAAACC,CACAGTG,,,GATATTGTGATGACCCAGACTCCACTCTCCTCACCTGTCACCCTTGGACAGCCGGCCTCCATCTCCTGCAGGTCTAGTCAAAGCCTCGTACACAGT...GATGGAAACACCTACTTGAGTTGGCTTCAGCAGAGGCCAGGCCAGCCTCCAAGACTCCTAATTTATAAGATT.....................TCTAACCGGTTCTCTGGGGTCCCA...GACAGATTCAGTGGCAGTGGG......GCAGGGACAGATTTCACACTGAAAATCAGCAGGGTGGAAGCTGAGGATGTCGGGGTTTATTACTGCACGCAAGCTACACAATTTCCTCA,9,"HG01616,HG02391,HG02513,HG03018,NA18533,NA18572,NA18979,NA19055,NA19735"
IGKV2-29*02,IGK,IGKV,ACAGAAACC,CACAGTG,,,GATATTGTGATGACCCAGACTCCACTCTCTCTGTCCGTCACCCCTGGACAGCCGGCCTCCATCTCCTGCAAGTCTAGTCAGAGCCTCCTGCATAGT...GATGGAAAGACCTATTTGTATTGGTACCTGCAGAAGCCAGGCCAGTCTCCACAGCTCCTAATCTATGAAGTT.....................TCCAGCCGGTTCTCTGGAGTGCCA...GATAGGTTCAGTGGCAGCGGG......TCAGGGACAGATTTCACACTGAAAATCAGCCGGGTGGAGGCTGAGGATGTTGGGGTTTATTACTGCATGCAAGGTATACACCTTCCTCC,8,"HG01616,HG02391,HG03018,HG03196,NA18533,NA18572,NA19055,NA19735"
IGKV2-30*02,IGK,IGKV,ACAAAAACC,CACAGTG,,,GATGTTGTGATGACTCAGTCTCCACTCTCCCTGCCCGTCACCCTTGGACAGCCGGCCTCCATCTCCTGCAGGTCTAGTCAAAGCCTCGTACACAGT...GATGGAAACACCTACTTGAATTGGTTTCAGCAGAGGCCAGGCCAATCTCCAAGGCGCCTAATTTATAAGGTT.....................TCTAACCGGGACTCTGGGGTCCCA...GACAGATTCAGCGGCAGTGGG......TCAGGCACTGATTTCACACTGAAAATCAGCAGGGTGGAGGCTGAGGATGTTGGGGTTTATTACTGCATGCAAGGTACACACTGGCCTCC,13,"HG01616,HG01887,HG02107,HG02284,HG02391,HG02433,HG03018,HG03196,NA18533,NA18572,NA19055,NA19735,NA20351"
IGKV2D-28*01_g90c,IGK,IGKV,ACAGAAACC,CACAGTG,,,GATATTGTGATGACTCAGTCTCCACTCTCCCTGCCCGTCACCCCTGGAGAGCCGGCCTCCATCTCCTGCAGGTCTAGTCAGAGCCTCCTCCATAGT...AATGGATACAACTATTTGGATTGGTACCTGCAGAAGCCAGGGCAGTCTCCACAGCTCCTGATCTATTTGGGT.....................TCTAATCGGGCCTCCGGGGTCCCT...GACAGGTTCAGTGGCAGTGGA......TCAGGCACAGATTTTACACTGAAAATCAGCAGAGTGGAGGCTGAGGATGTTGGGGTTTATTACTGCATGCAAGCTCTACAAACTCCTCC,4,"HG01616,HG03018,NA18533,NA19735"
IGKV6-21*02,IGK,IGKV,ACAAAAACT,CACTGTG,,,GAAATTGTGCTGACTCAGTCTCCAGACTTTCAGTCTGTGACTCCAAAGGAGAAAGTCACCATCACCTGCCGGGCCAGTCAGAGCATT..................GGTAGTAGCTTACACTGGTACCAGCAGAAACCAGATCAGTCTCCAAAGCTCCTCATCAAGTATGCT.....................TCCCAGTCCATCTCAGGGGTCCCC...TCGAGGTTCAGTGGCAGTGGA......TCTGGGACAGATTTCACCCTCACCATCAATAGCCTGGAAGCTGAAGATGCTGCAACGTATTACTGTCATCAGAGTAGTAGTTTACCTCA,10,"HG01616,HG02391,HG02513,HG03018,HG03196,NA18533,NA18572,NA18979,NA19055,NA19735"
IGKV3D-15*02,IGK,IGKV,ACAAAAACC,CACAGTG,,,GAAATAGTGATGATGCAGTCTCCAGCCACCCTGTCTGTGTCTCCAGGGGAAAGAGCCACCCTCTCCTGCAGGGCCAGTCAGAGTGTT..................AGCAGCAACTTAGCCTGGTACCAGCAGAAACCTGGCCAGGCTCCCAGGCTCCTCATCTATGGTGCA.....................TCCACCAGGGCCACTGGCATCCCA...GCCAGGTTCAGTGGCAGTGGG......TCTGGGACAGAGTTCACTCTCACCATCAGCAGCCTGCAGTCTGAAGATTTTGCAGTTTATTACTGTCAGCAGTATAATAACTGACCTCC,5,"HG01700,HG02597,HG04153,NA20543,NA21110"
IGKV1D-33*01_c286g,IGK,IGKV,ACATAAATC,CACAGTG,,,GACATCCAGATGACCCAGTCTCCATCCTCCCTGTCTGCATCTGTAGGAGACAGAGTCACCATCACTTGCCAGGCGAGTCAGGACATT..................AGCAACTATTTAAATTGGTATCAGCAGAAACCAGGGAAAGCCCCTAAGCTCCTGATCTACGATGCA.....................TCCAATTTGGAAACAGGGGTCCCA...TCAAGGTTCAGTGGAAGTGGA......TCTGGGACAGATTTTACTTTCACCATCAGCAGCCTGCAGGCTGAAGATATTGCAACATATTACTGTCAACAGTATGATAATCTCCCTCC,1,HG01700
IGKV3-15*01_c141g,IGK,IGKV,ACAAAAACC,CACAGTG,,,GAAATAGTGATGACGCAGTCTCCAGCCACCCTGTCTGTGTCTCCAGGGGAAAGAGCCACCCTCTCCTGCAGGGCCAGTCAGAGTGTT..................AGCAGCAACTTAGCCTGGTACCAGCAGAAACCTGGGCAGGCTCCCAGGCTCCTCATCTATGGTGCA.....................TCCACCAGGGCCACTGGTATCCCA...GCCAGGTTCAGTGGCAGTGGG......TCTGGGACAGAGTTCACTCTCACCATCAGCAGCCTGCAGTCTGAAGATTTTGCAGTTTATTACTGTCAGCAGTATAATAACTGGCCTCC,1,HG01700
IGKV4-1*01_t97c_a107t_a151g,IGK,IGKV,ACACAAACC,CACAGTG,,,GACATCGTGATGACCCAGTCTCCAGACTCCCTGGCTGTGTCTCTGGGCGAGAGGGCCACCATCAACTGCAAGTCCAGCCAGAGTGTTTTATACAGCCCCAACAATATGAACTACTTAGCTTGGTACCAGCAGAAACCAGGACAGCCTCCTGAGCTGCTCATTTACTGGGCA.....................TCTACCCGGGAATCCGGGGTCCCT...GACCGATTCAGTGGCAGCGGG......TCTGGGACAGATTTCACTCTCACCATCAGCAGCCTGCAGGCTGAAGATGTGGCAGTTTATTACTGTCAGCAATATTATAGTACTCCTCC,1,HG01756
IGKV1-5*03_a144c,IGK,IGKV,ACATAAACC,CACAGTG,,,GACATCCAGATGACCCAGTCTCCTTCCACCCTGTCTGCATCTGTAGGAGACAGAGTCACCATCACTTGCCGGGCCAGTCAGAGTATT..................AGTAGCTGGTTGGCCTGGTATCAGCAGAAACCAGGGAACGCCCCTAAGCTCCTGATCTATAAGGCG.....................TCTAGTTTAGAAAGTGGGGTCCCA...TCAAGGTTCAGCGGCAGTGGA......TCTGGGACAGAATTCACTCTCACCATCAGCAGCCTGCAGCCTGATGATTTTGCAACTTATTACTGCCAACAGTATAATAGTTATTCTCC,2,"HG01756,NA19916"
IGKV1-27*01_a196g_i207g,IGK,IGKV,ACATAAACC,CACTGTG,,,GACATCCAGATGACCCAGTCTCCATCCTCCCTGTCTGCATCTGTAGGAGACAGAGTCACCATCACTTGCCGGGCGAGTCAGGGCATT..................AGCAATTATTTAGCCTGGTATCAGCAGAAACCAGGGAAAGTTCCTAAGCTCCTGATCTATGCTGCA.....................TCCGCTTTGCAATCAGGGGGTCCCA...TCTCGGTTCAGTGGCAGTGGA......TCTGGGACAGATTTCACTCTCACCATCAGCAGCCTGCAGCCTGAAGATGTTGCAACTTATTACTGTCAAAAGTATAACAGTGCCCCTCC,4,"HG01887,HG02107,NA19108,NA19916"
IGKV2-29*03,IGK,IGKV,ACAGAAACC,CACAGTG,,,GATATTGTGATGACCCAGACTCCACTCTCTCTGTCCGTCACCCCTGGACAGCCGGCCTCCATCTCCTGCAAGTCTAGTCAGAGCCTCCTGCATAGT...GATGGAAAGACCTATTTGTATTGGTACCTGCAGAAGCCAGGCCAGTCTCCACAGCTCCTGATCTATGAAGTT.....................TCCAGCCGGTTCTCTGGAGTGCCA...GATAGGTTCAGTGGCAGCGGG......TCAGGGACAGATTTCACACTGAAAATCAGCCGGGTGGAGGCTGAGGATGTTGGGGTTTATTACTGCATGCAAGGTATACACCTTCCTCC,7,"HG01887,HG02107,HG02284,HG02433,NA19108,NA19916,NA20351"
IGKV2D-28*01_g141a,IGK,IGKV,ACAGAAACC,CACAGTG,,,GATATTGTGATGACTCAGTCTCCACTCTCCCTGCCCGTCACCCCTGGAGAGCCGGCCTCCATCTCCTGCAGGTCTAGTCAGAGCCTCCTGCATAGT...AATGGATACAACTATTTGGATTGGTACCTGCAGAAGCCAGGACAGTCTCCACAGCTCCTGATCTATTTGGGT.....................TCTAATCGGGCCTCCGGGGTCCCT...GACAGGTTCAGTGGCAGTGGA......TCAGGCACAGATTTTACACTGAAAATCAGCAGAGTGGAGGCTGAGGATGTTGGGGTTTATTACTGCATGCAAGCTCTACAAACTCCTCC,5,"HG01887,HG02107,HG02284,NA19108,NA20351"
IGKV3-15*02,IGK,IGKV,ACAAAAACC,CACAGTG,,,GAAATAGTGATGACGCAGTCTCCAGCCACCCTGTCTGTGTCTCCAGGGGAAAGAGCCACCCTCTCCTGCAGGGCCAGTCAGAGTGTT..................AGCAGCAACTTAGCCTGGTACCAGCAGAAACCTGGCCAGGCTCCCAGGCTCCTCATCTATGGTGCA.....................TCCACCAGGGCCACTGGTATCCCA...GCCAGGTTCAGTGGCAGTGGG......TCTGGGACAGAGTTCACTCTCACCATCAGCAGCATGCAGTCTGAAGATTTTGCAGTTTATTACTGTCAGCAGTATAATAACTGGCCTCC,4,"HG01887,HG02107,HG02284,NA20351"
IGKV1-39*02,IGK,IGKV,ACATAAACC,CACAGTG,,,GACATCCAGATGACCCAGTCTCCATCCTTCCTGTCTGCATCTGTAGGAGACAGAGTCACCATCACTTGCCGGGCAAGTCAGAGCATT..................AGCAGCTATTTAAATTGGTATCAGCAGAAACCAGGGAAAGCCCCTAAGCTCCTGATCTATGCTGCA.....................TCCAGTTTGCAAAGTGGGGTCCCA...TCAAGGTTCAGTGGCAGTGGA......TCTGGGACAGATTTCACTCTCACCATCAGCAGTCTGCAACCTGAAGATTTTGCAACTTATTACTGTCAGTGTGGTTACAGTACACCTCC,6,"HG01887,HG02107,HG02284,HG03196,NA19916,NA20351"
IGKV1D-16*01_c156t,IGK,IGKV,ACATAAACC,CACAGTG,,,GACATCCAGATGACCCAGTCTCCATCCTCACTGTCTGCATCTGTAGGAGACAGAGTCACCATCACTTGTCGGGCGAGTCAGGGTATT..................AGCAGCTGGTTAGCCTGGTATCAGCAGAAACCAGAGAAAGCCCCTAAGTCTCTGATCTATGCTGCA.....................TCCAGTTTGCAAAGTGGGGTCCCA...TCAAGGTTCAGCGGCAGTGGA......TCTGGGACAGATTTCACTCTCACCATCAGCAGCCTGCAGCCTGAAGATTTTGCAACTTATTACTGCCAACAGTATAATAGTTACCCTCC,3,"HG01887,HG02107,NA19108"
IGKV1D-42*02_c324t,IGK,IGKV,ACATAAGCC,CACAGGG,,,GACATCCAGATGACCCAGTCTCCATCTTTCCTGTCTGCATCTGTAGGAGACAGAGTCAGTATCATTTGCTGGGCAAGTGAGGGCATT..................AGCAGTAATTTAGCCTGGTATCTGCAGAAACCAGGGAAATCCCCTAAGCTCTTCCTCTATGATGCA.....................AAAGATTTGCACCCTGGGGTCTCA...TCGAGGTTCAGTGGCAGGGGA......TCTGGGACGGATTTCACTCTCACCATCATCAGCCTGAAGCCTGAAGATTTTGCAGCTTATTACTGTAAACAGGACTTTAGTTACCCTCC,4,"HG01887,HG02107,HG02284,NA20351"
IGKV2-40*01_a2t_c120t_g123t_g159t_g233a,IGK,IGKV,ACAGAAACC,CACAGTG,,,GTTATTGTGATGACCCAGACTCCACTCTCCCTGCCCGTCACCCCTGGAGAGCCGGCCTCCATCTCCTGCAGGTCTAGTCAGAGCCTCTTGGATAGTGATGATGGAAACACCTATTTGGATTGTTACCTGCAGAAGCCAGGGCAGTCTCCACAGCTCCTTATCTATACGCTT.....................TCCTATCGGGCCTCTGGAGTCCCA...GACAGGTTCAGTGACAGTGGG......TCAGGCACTGATTTCACACTGAAAATCAGCAGGGTGGAGGCTGAGGATGTTGGAGTTTATTACTGCATGCAACGTATAGAGTTTCCTTC,4,"HG01887,HG02107,HG02284,NA20351"
IGKV2D-40*01_a2t_c120t_g123t_g159t_g233a,IGK,IGKV,ACAGAAACC,CACAGTG,,,GTTATTGTGATGACCCAGACTCCACTCTCCCTGCCCGTCACCCCTGGAGAGCCGGCCTCCATCTCCTGCAGGTCTAGTCAGAGCCTCTTGGATAGTGATGATGGAAACACCTATTTGGATTGTTACCTGCAGAAGCCAGGGCAGTCTCCACAGCTCCTTATCTATACGCTT.....................TCCTATCGGGCCTCTGGAGTCCCA...GACAGGTTCAGTGACAGTGGG......TCAGGCACTGATTTCACACTGAAAATCAGCAGGGTGGAGGCTGAGGATGTTGGAGTTTATTACTGCATGCAACGTATAGAGTTTCCTTC,4,"HG01887,HG02107,HG02284,NA20351"
IGKJ2*03,IGK,IGKJ,,,AGTTTTTGT,CATTGTG,TGTACAGTTTTGGCCAGGGGACCAAGCTGGAGATCAAAC,7,"HG02107,NA19108,NA19916,NA20543,NA20813,NA20903,NA21103"
IGKV1-16*02_a30c,IGK,IGKV,ACATAAACC,CACAGTG,,,GACATCCAGATGACCCAGTCTCCATCCTCCCTGTCTGCATCTGTAGGAGACAGAGTCACCATCACTTGTCGGGCGAGTCAGGGCATT..................AGCAATTATTTAGCCTGGTTTCAGCAGAAACCAGGGAAAGCCCCTAAGTCCCTGATCTATGCTGCA.....................TCCAGTTTGCAAAGTGGGGTCCCA...TCAAAGTTCAGCGGCAGTGGA......TCTGGGACAGATTTCACTCTCACCATCAGCAGCCTGCAGCCTGAAGATTTTGCAACTTATTACTGCCAACAGTATAATAGTTACCCTCC,1,HG02284
IGKV2-24*01_a169g,IGK,IGKV,ACAAAAACC,CACAGTG,,,GATATTGTGATGACCCAGACTCCACTCTCCTCACCTGTCACCCTTGGACAGCCGGCCTCCATCTCCTGCAGGTCTAGTCAAAGCCTCGTACACAGT...GATGGAAACACCTACTTGAGTTGGCTTCAGCAGAGGCCAGGCCAGCCTCCAAGACTCCTAATTTATAAGGTT.....................TCTAACCGGTTCTCTGGGGTCCCA...GACAGATTCAGTGGCAGTGGG......GCAGGGACAGATTTCACACTGAAAATCAGCAGGGTGGAAGCTGAGGATGTCGGGGTTTATTACTGCATGCAAGCTACACAATTTCCTCA,1,HG02284
IGKV1D-17*01_a291t,IGK,IGKV,ACATAAACC,CACAGTG,,,AACATCCAGATGACCCAGTCTCCATCTGCCATGTCTGCATCTGTAGGAGACAGAGTCACCATCACTTGTCGGGCGAGGCAGGGCATT..................AGCAATTATTTAGCCTGGTTTCAGCAGAAACCAGGGAAAGTCCCTAAGCACCTGATCTATGCTGCA.....................TCCAGTTTGCAAAGTGGGGTCCCA...TCAAGGTTCAGCGGCAGTGGA......TCTGGGACAGAATTCACTCTCACAATCAGCAGCCTGCAGCCTGATGATTTTGCAACTTATTACTGTCTACAGCATAATAGTTACCCTCC,2,"HG02284,HG03196"
IGKV1D-37*01_a197g,IGK,IGKV,ACATAAACC,CACAGTG,,,GACATCCAGTTGACCCAGTCTCCATCCTCCCTGTCTGCATCTGTAGGAGACAGAGTCACCATCACTTGCCGGGTGAGTCAGGGCATT..................AGCAGTTATTTAAATTGGTATCGGCAGAAACCAGGGAAAGTTCCTAAGCTCCTGATCTATAGTGCA.....................TCCAGTTTGCAATCTGGAGTCCCA...TCTCGGTTCAGTGGCAGTGGA......TCTGGGACAGATTTCACTCTCACTATCAGCAGCCTGCAGCCTGAAGATGTTGCAACTTATTACGGTCAACGGACTTACAATGCCCCTCC,2,"HG02284,NA19916"
IGKV2D-40*01_a2t_c120t_g123t_g233a,IGK,IGKV,ACAGAAACC,CACAGTG,,,GTTATTGTGATGACCCAGACTCCACTCTCCCTGCCCGTCACCCCTGGAGAGCCGGCCTCCATCTCCTGCAGGTCTAGTCAGAGCCTCTTGGATAGTGATGATGGAAACACCTATTTGGATTGTTACCTGCAGAAGCCAGGGCAGTCTCCACAGCTCCTGATCTATACGCTT.....................TCCTATCGGGCCTCTGGAGTCCCA...GACAGGTTCAGTGACAGTGGG......TCAGGCACTGATTTCACACTGAAAATCAGCAGGGTGGAGGCTGAGGATGTTGGAGTTTATTACTGCATGCAACGTATAGAGTTTCCTTC,2,"HG02284,HG03196"
IGKV6D-41*01_a303t,IGK,IGKV,ACAAAAATT,CACTGTG,,,GATGTTGTGATGACACAGTCTCCAGCTTTCCTCTCTGTGACTCCAGGGGAGAAAGTCACCATCACCTGCCAGGCCAGTGAAGGCATT..................GGCAACTACTTATACTGGTACCAGCAGAAACCAGATCAAGCCCCAAAGCTCCTCATCAAGTATGCT.....................TCCCAGTCCATCTCAGGGGTCCCC...TCGAGGTTCAGTGGCAGTGGA......TCTGGGACAGATTTCACCTTTACCATCAGTAGCCTGGAAGCTGAAGATGCTGCAACTTATTACTGTCAGCAGGGCAATAAGCACCCTCA,1,HG02284
IGKV3D-11*01_a197c,IGK,IGKV,ACAAAAACC,CACAGTG,,,GAAATTGTGTTGACACAGTCTCCAGCCACCCTGTCTTTGTCTCCAGGGGAAAGAGCCACCCTCTCCTGCAGGGCCAGTCAGGGTGTT..................AGCAGCTACTTAGCCTGGTACCAGCAGAAACCTGGCCAGGCTCCCAGGCTCCTCATCTATGATGCA.....................TCCACCAGGGCCACTGGCATCCCA...GCCAGGTTCAGTGGCAGTGGG......CCTGGGACAGACTTCACTCTCACCATCAGCAGCCTAGAGCCTGAAGATTTTGCAGTTTATTACTGTCAGCAGCGTAGCAACTGGCATCC,1,HG02391
IGKV1-12*01_c270t,IGK,IGKV,ACATAAACC,CACAGTG,,,GACATCCAGATGACCCAGTCTCCATCTTCCGTGTCTGCATCTGTAGGAGACAGAGTCACCATCACTTGTCGGGCGAGTCAGGGTATT..................AGCAGCTGGTTAGCCTGGTATCAGCAGAAACCAGGGAAAGCCCCTAAGCTCCTGATCTATGCTGCA.....................TCCAGTTTGCAAAGTGGGGTCCCA...TCAAGGTTCAGCGGCAGTGGA......TCTGGGACAGATTTCACTCTCACTATCAGCAGCCTGCAGCCTGAAGATTTTGCAACTTACTATTGTCAACAGGCTAACAGTTTCCCTCC,1,HG02433
IGKV1-5*03_a258t,IGK,IGKV,ACATAAACC,CACAGTG,,,GACATCCAGATGACCCAGTCTCCTTCCACCCTGTCTGCATCTGTAGGAGACAGAGTCACCATCACTTGCCGGGCCAGTCAGAGTATT..................AGTAGCTGGTTGGCCTGGTATCAGCAGAAACCAGGGAAAGCCCCTAAGCTCCTGATCTATAAGGCG.....................TCTAGTTTAGAAAGTGGGGTCCCA...TCAAGGTTCAGCGGCAGTGGA......TCTGGGACAGATTTCACTCTCACCATCAGCAGCCTGCAGCCTGATGATTTTGCAACTTATTACTGCCAACAGTATAATAGTTATTCTCC,1,HG02433
IGKV3-15*01_t5c,IGK,IGKV,ACAAAAACC,CACAGTG,,,GAAACAGTGATGACGCAGTCTCCAGCCACCCTGTCTGTGTCTCCAGGGGAAAGAGCCACCCTCTCCTGCAGGGCCAGTCAGAGTGTT..................AGCAGCAACTTAGCCTGGTACCAGCAGAAACCTGGCCAGGCTCCCAGGCTCCTCATCTATGGTGCA.....................TCCACCAGGGCCACTGGTATCCCA...GCCAGGTTCAGTGGCAGTGGG......TCTGGGACAGAGTTCACTCTCACCATCAGCAGCCTGCAGTCTGAAGATTTTGCAGTTTATTACTGTCAGCAGTATAATAACTGGCCTCC,1,HG02433
IGKV2-29*03_t145c_g197a_g319a_c327g,IGK,IGKV,ACAGAAACC,CACAGTG,,,GATATTGTGATGACCCAGACTCCACTCTCTCTGTCCGTCACCCCTGGACAGCCGGCCTCCATCTCCTGCAAGTCTAGTCAGAGCCTCCTGCATAGT...GATGGAAAGACCTATTTGTATTGGTACCTGCAGAAGCCAGGCCAGCCTCCACAGCTCCTGATCTATGAAGTT.....................TCCAACCGGTTCTCTGGAGTGCCA...GATAGGTTCAGTGGCAGCGGG......TCAGGGACAGATTTCACACTGAAAATCAGCCGGGTGGAGGCTGAGGATGTTGGGGTTTATTACTGCATGCAAAGTATACAGCTTCCTCC,1,HG02433
IGKV2-30*01_c199t,IGK,IGKV,ACAAAAACC,CACAGTG,,,GATGTTGTGATGACTCAGTCTCCACTCTCCCTGCCCGTCACCCTTGGACAGCCGGCCTCCATCTCCTGCAGGTCTAGTCAAAGCCTCGTATACAGT...GATGGAAACACCTACTTGAATTGGTTTCAGCAGAGGCCAGGCCAATCTCCAAGGCGCCTAATTTATAAGGTT.....................TCTAACTGGGACTCTGGGGTCCCA...GACAGATTCAGCGGCAGTGGG......TCAGGCACTGATTTCACACTGAAAATCAGCAGGGTGGAGGCTGAGGATGTTGGGGTTTATTACTGCATGCAAGGTACACACTGGCCTCC,1,HG02433
IGKV2-40*01_c195t,IGK,IGKV,ACAGAAACC,CACAGTG,,,GATATTGTGATGACCCAGACTCCACTCTCCCTGCCCGTCACCCCTGGAGAGCCGGCCTCCATCTCCTGCAGGTCTAGTCAGAGCCTCTTGGATAGTGATGATGGAAACACCTATTTGGACTGGTACCTGCAGAAGCCAGGGCAGTCTCCACAGCTCCTGATCTATACGCTT.....................TCTTATCGGGCCTCTGGAGTCCCA...GACAGGTTCAGTGGCAGTGGG......TCAGGCACTGATTTCACACTGAAAATCAGCAGGGTGGAGGCTGAGGATGTTGGAGTTTATTACTGCATGCAACGTATAGAGTTTCCTTC,2,"HG02433,NA18533"
IGKV2D-29*02_a197g_c312a_a319g_g327c,IGK,IGKV,ACAGAAACC,CACAGTG,,,GATATTGTGATGACCCAGACTCCACTCTCTCTGTCCGTCACCCCTGGACAGCCGGCCTCCATCTCCTGCAAGTCTAGTCAGAGCCTCCTGCATAGT...GATGGAAAGACCTATTTGTATTGGTACCTGCAGAAGCCAGGCCAGTCTCCACAGCTCCTGATCTATGAAGTT.....................TCCAGCCGGTTCTCTGGAGTGCCA...GATAGGTTCAGTGGCAGCGGG......TCAGGGACAGATTTCACACTGAAAATCAGCCGGGTGGAGGCTGAGGATGTTGGGGTTTATTACTGAATGCAAGGTATACACCTTCCTCC,1,HG02433
IGKV2D-30*01_t199c,IGK,IGKV,ACAAAAACC,CACAGTG,,,GATGTTGTGATGACTCAGTCTCCACTCTCCCTGCCCGTCACCCTTGGACAGCCGGCCTCCATCTCCTGCAGGTCTAGTCAAAGCCTCGTATACAGT...GATGGAAACACCTACTTGAATTGGTTTCAGCAGAGGCCAGGCCAATCTCCAAGGCGCCTAATTTATAAGGTT.....................TCTAACCGGGACTCTGGGGTCCCA...GACAGATTCAGCGGCAGTGGG......TCAGGCACTGATTTCACACTGAAAATCAGCAGGGTGGAGGCTGAGGATGTTGGGGTTTATTACTGCATGCAAGGTACACACTGGCCTCC,1,HG02433
IGKV2D-40*01_t26c,IGK,IGKV,ACAGAAACC,CACAGTG,,,GATATTGTGATGACCCAGACTCCACCCTCCCTGCCCGTCACCCCTGGAGAGCCGGCCTCCATCTCCTGCAGGTCTAGTCAGAGCCTCTTGGATAGTGATGATGGAAACACCTATTTGGACTGGTACCTGCAGAAGCCAGGGCAGTCTCCACAGCTCCTGATCTATACGCTT.....................TCCTATCGGGCCTCTGGAGTCCCA...GACAGGTTCAGTGGCAGTGGG......TCAGGCACTGATTTCACACTGAAAATCAGCAGGGTGGAGGCTGAGGATGTTGGAGTTTATTACTGCATGCAACGTATAGAGTTTCCTTC,1,HG02513
IGKV1-9*01_c75a,IGK,IGKV,ACATAAACC,CACAGTG,,,GACATCCAGTTGACCCAGTCTCCATCCTTCCTGTCTGCATCTGTAGGAGACAGAGTCACCATCACTTGCCGGGCAAGTCAGGGCATT..................AGCAGTTATTTAGCCTGGTATCAGCAAAAACCAGGGAAAGCCCCTAAGCTCCTGATCTATGCTGCA.....................TCCACTTTGCAAAGTGGGGTCCCA...TCAAGGTTCAGCGGCAGTGGA......TCTGGGACAGAATTCACTCTCACAATCAGCAGCCTGCAGCCTGAAGATTTTGCAACTTATTACTGTCAACAGCTTAATAGTTACCCTCC,1,HG02597
IGKJ4*01_t7c_a36c_c38t,IGK,IGKJ,,,GGTTTTTGT,CACTGTG,GCTCACCTTCGGCGGAGGGACCAAGGTGGAGATCACAT,1,HG02597
IGKJ5*01_c4t_c6t_t27a,IGK,IGKJ,,,GATTTTTGT,CACTGTG,GATTATCTTCGGCCAAGGGACACGACAGGAGATTAAAC,1,HG02597
IGKV4-1*03,IGK,IGKV,ACACAAACC,CACAGTG,,,GACATCGTGATGACCCAGTCTCCAGACTCCCTGGCTGTGTCTCTGGGCGAGAGGGCCACCATCAACTGCAAGTCCAGCCAGAGTGTTTTATACAGCTCCAACAATAAGAACTACTTAGCTTGGTACCAGCAGAAACCAGGACAGCCTCCTAAGTTGCTCATTTACTGGGCA.....................TCTACCCGGGAATCCGGGGTCCCT...GACCGATTCAGTGGCAGCGGG......TCTGGGACAGATTTCACTCTCACCATCAGCAGCCTGCAGGCTGAAGATGTGGCAGTTTATTACTGTCAGCAATATTATAGTACTCCTCC,1,HG02597
IGKJ1*01_g1-,IGK,IGKJ,,,GGTTTTTGT,CACTGTG,TGGACGTTCGGCCAAGGGACCAAGGTGGAAATCAAAC,3,"HG03018,HG03604,NA21110"
IGKV2D-40*01_c195t,IGK,IGKV,ACAGAAACC,CACAGTG,,,GATATTGTGATGACCCAGACTCCACTCTCCCTGCCCGTCACCCCTGGAGAGCCGGCCTCCATCTCCTGCAGGTCTAGTCAGAGCCTCTTGGATAGTGATGATGGAAACACCTATTTGGACTGGTACCTGCAGAAGCCAGGGCAGTCTCCACAGCTCCTGATCTATACGCTT.....................TCTTATCGGGCCTCTGGAGTCCCA...GACAGGTTCAGTGGCAGTGGG......TCAGGCACTGATTTCACACTGAAAATCAGCAGGGTGGAGGCTGAGGATGTTGGAGTTTATTACTGCATGCAACGTATAGAGTTTCCTTC,3,"HG03018,NA19735,NA20351"
IGKV1-13*01_a123g_g311c,IGK,IGKV,ACATAAACC,CATAGTG,,,GCCATCCAGTTGACCCAGTCTCCATCCTCCCTGTCTGCATCTGTAGGAGACAGAGTCACCATCACTTGCCGGGCAAGTCAGGGCATT..................AGCAGTGCTTTAGCCTGGTATCAGCAGAAACCAGGGAAAGCTCCTAAGCTCCTGATCTATGATGCC.....................TCCAGTTTGGAAAGTGGGGTCCCA...TCAAGGTTCAGCGGCAGTGGA......TCTGGGACAGATTTCACTCTCACCATCAGCAGCCTGCAGCCTGAAGATTTTGCAACTTATTACTCTCAACAGTTTAATAATTACCCTCA,1,HG03196
IGKV1-8*04,IGK,IGKV,ACAAAAACC,CACAGTG,,,GCCATCCGGATGACCCAGTCTCCATCCTCACTCTCTGCATCTACAGGAGACAGAGTCACCATCACTTGTCGGGCGAGTCAGGGTATT..................AGCAGTTATTTAGCCTGGTATCAGCAAAAACCAGGGAAAGCCCCTAAGCTCCTGATCTATGCTGCA.....................TCCACTTTGCAAAGTGGGGTCCCA...TCAAGGTTCAGTGGCAGTGGA......TCTGGGACAGATTTCACTCTCACCATCAGCTGCCTGCAGTCTGAAGATTTTGCAACTTATTACTGTCAACAGTATTATAGTTACCCTCC,1,HG03196
IGKV1-9*01_a2c,IGK,IGKV,ACATAAACC,CACAGTG,,,GCCATCCAGTTGACCCAGTCTCCATCCTTCCTGTCTGCATCTGTAGGAGACAGAGTCACCATCACTTGCCGGGCCAGTCAGGGCATT..................AGCAGTTATTTAGCCTGGTATCAGCAAAAACCAGGGAAAGCCCCTAAGCTCCTGATCTATGCTGCA.....................TCCACTTTGCAAAGTGGGGTCCCA...TCAAGGTTCAGCGGCAGTGGA......TCTGGGACAGAATTCACTCTCACAATCAGCAGCCTGCAGCCTGAAGATTTTGCAACTTATTACTGTCAACAGCTTAATAGTTACCCTCC,1,HG03196
IGKV1D-39*01_c29t,IGK,IGKV,ACATAAACC,CACAGTG,,,GACATCCAGATGACCCAGTCTCCATCCTTCCTGTCTGCATCTGTAGGAGACAGAGTCACCATCACTTGCCGGGCAAGTCAGAGCATT..................AGCAGCTATTTAAATTGGTATCAGCAGAAACCAGGGAAAGCCCCTAAGCTCCTGATCTATGCTGCA.....................TCCAGTTTGCAAAGTGGGGTCCCA...TCAAGGTTCAGTGGCAGTGGA......TCTGGGACAGATTTCACTCTCACCATCAGCAGTCTGCAACCTGAAGATTTTGCAACTTACTACTGTCAACAGAGTTACAGTACCCCTCC,1,HG03196
IGKV2-24*02_a33g,IGK,IGKV,ACAAAAACC,CACAGTG,,,GATATTGTGATGACCCAGACTCCACTCTCCTCGCCTGTCACCCTTGGACAGCCGGCCTCCATCTCCTGCAGGTCTAGTCAAAGCCTCGTACACAGT...GATGGAAACACCTACTTGAGTTGGCTTCAGCAGAGGCCAGGCCAGCCTCCAAGACTCCTAATTTATAAGATT.....................TCTAACCGGTTCTCTGGGGTCCCA...GACAGATTCAGTGGCAGTGGG......GCAGGGACAGATTTCACACTGAAAATCAGCAGGGTGGAAGCTGAGGATGTCGGGGTTTATTACTGCACGCAAGCTACACAATTTCCTCA,1,HG03196
IGKV2-40*01_a2t_c120t_g123t_g233a,IGK,IGKV,ACAGAAACC,CACAGTG,,,GTTATTGTGATGACCCAGACTCCACTCTCCCTGCCCGTCACCCCTGGAGAGCCGGCCTCCATCTCCTGCAGGTCTAGTCAGAGCCTCTTGGATAGTGATGATGGAAACACCTATTTGGATTGTTACCTGCAGAAGCCAGGGCAGTCTCCACAGCTCCTGATCTATACGCTT.....................TCCTATCGGGCCTCTGGAGTCCCA...GACAGGTTCAGTGACAGTGGG......TCAGGCACTGATTTCACACTGAAAATCAGCAGGGTGGAGGCTGAGGATGTTGGAGTTTATTACTGCATGCAACGTATAGAGTTTCCTTC,1,HG03196
IGKV2D-26*01_a153g_c237t,IGK,IGKV,GCACAAACC,CACAGTG,,,GAGATTGTGATGACCCAGACTCCACTCTCCTTGTCTATCACCCCTGGAGAGCAGGCCTCCATCTCCTGCAGGTCTAGTCAGAGCCTCCTGCATAGT...GATGGATACACCTATTTGTATTGGTTTCTGCAGAAAGCCAGGCCAGTCTCCACGCTCCTGATCTATGAAGTT.....................TCCAACCGGTTCTCTGGAGTGCCA...GATAGGTTCAGTGGCAGTGGG......TCAGGGACAGATTTCACACTGAAAATCAGCCGGGTGGAGGCTGAGGATTTTGGAGTTTATTACTGCATGCAAGATGCACAAGATCCTCC,1,HG03196
IGKV2D-29*02_a197g_a319g_g327c,IGK,IGKV,ACAGAAACC,CACAGTG,,,GATATTGTGATGACCCAGACTCCACTCTCTCTGTCCGTCACCCCTGGACAGCCGGCCTCCATCTCCTGCAAGTCTAGTCAGAGCCTCCTGCATAGT...GATGGAAAGACCTATTTGTATTGGTACCTGCAGAAGCCAGGCCAGTCTCCACAGCTCCTGATCTATGAAGTT.....................TCCAGCCGGTTCTCTGGAGTGCCA...GATAGGTTCAGTGGCAGCGGG......TCAGGGACAGATTTCACACTGAAAATCAGCCGGGTGGAGGCTGAGGATGTTGGGGTTTATTACTGCATGCAAGGTATACACCTTCCTCC,1,HG03196
IGKV3-20*01_a143t_t147g_g167a,IGK,IGKV,ACAAAAACC,CACAGTG,,,GAAATTGTGTTGACGCAGTCTCCAGGCACCCTGTCTTTGTCTCCAGGGGAAAGAGCCACCCTCTCCTGCAGGGCCAGTCAGAGTGTTAGC...............AGCAGCTACTTAGCCTGGTACCAGCAGAAACCTGGCCTGGCGCCCAGGCTCCTCATCTATGATGCA.....................TCCAGCAGGGCCACTGGCATCCCA...GACAGGTTCAGTGGCAGTGGG......TCTGGGACAGACTTCACTCTCACCATCAGCAGACTGGAGCCTGAAGATTTTGCAGTGTATTACTGTCAGCAGTATGGTAGCTCACCTCC,1,HG03196
IGKV3-7*04_t56c,IGK,IGKV,ACAAAAACC,CACAGTG,,,GAAATTGTAATGACACAGTCTCCACCCACCCTGTCTTTGTCTCCAGGGGAAAGAGCCACCCTCTCCTGCAGGGCCAGTCAGAGTGTTAGC...............AGCAGCTACTTAACCTGGTATCAGCAGAAACCTGGCCAGGCGCCCAGGCTCCTCATCTATGGTGCA.....................TCCACCAGGGCCACTAGCATCCCA...GCCAGGTTCAGTGGCAGTGGG......TCTGGGACAGACTTCACTCTCACCATCAGCAGCCTGCAGCCTGAAGATTTTGCAGTTTATTACTGTCAGCAGGATTATAACTTACCTCC,1,HG03196
IGKV4-1*02_a109c,IGK,IGKV,ACACAAACC,CACAGTG,,,GACATCGTGATGACCCAGTCTCCAGACTCCCTGGCTGTGTCTCTGGGCGAGAGGGCCACCATCAACTGCAAGTCCAGCCAGAGTGTTTTATACAGCTCCAACAATAAGCACTACTTAGCTTGGTACCAGCAGAAACCAGGACAGCCTCCTAAGCTGCTCATTTACTGGGCA.....................TCTACCCGGGAATCCGGGGTCCCT...GACCGATTCAGTGGCAGCGGG......TCTGGGACAGATTTCACTCTCACCATCAGCAGCCTGCAGGCTGAAGATGTGGCAGTTTATTACTGTCAGCAGTATTATAGTACTCCTCC,1,HG03196
IGKV2D-26*01_c63g,IGK,IGKV,GCACAAACC,CACAGTG,,,GAGATTGTGATGACCCAGACTCCACTCTCCTTGTCTATCACCCCTGGAGAGCAGGCCTCCATGTCCTGCAGGTCTAGTCAGAGCCTCCTGCATAGT...GATGGATACACCTATTTGTATTGGTTTCTGCAGAAAGCCAGGCCAGTCTCCACACTCCTGATCTATGAAGTT.....................TCCAACCGGTTCTCTGGAGTGCCA...GATAGGTTCAGTGGCAGCGGG......TCAGGGACAGATTTCACACTGAAAATCAGCCGGGTGGAGGCTGAGGATTTTGGAGTTTATTACTGCATGCAAGATGCACAAGATCCTCC,3,"HG03604,HG03786,HG04153"
IGKV3-7*05_c74g,IGK,IGKV,ACAAAAACC,CACAGTG,,,GAAATTGTAATGACACAGTCTCCACCCACCCTGTCTTTGTCTCCAGGGGAAAGAGTCACCCTCTCCTGCAGGGGCAGTCAGAGTGTTAGC...............AGCAGCTACTTAACCTGGTATCAGCAGAAACCTGGCCAGGCGCCCAGGCTCCTCATCTATGGTGCA.....................TCCACCAGGGCCACTGGCATCCCA...GCCAGGTTCAGTGGCAGTGGG......TCTGGGACAGACTTCACTCTCACCATCAGCAGCCTGCAGCCTGAAGATTTTGCAGTTTATTACTGTCAGCAGGATTATAACTTACCTCC,1,HG03718
IGKV2D-24*01_g247c,IGK,IGKV,ACAAAAACC,CACAGTG,,,GATATTGTGATGACCCAGACTCCACTCTCCTCGCCTGTCACCCTTGGACAGCCGGCCTCCATCTCCTTCAGGTCTAGTCAAAGCCTCGTACACAGT...GATGGAAACACCTACTTGAGTTGGCTTCAGCAGAGGCCAGGCCAGCCTCCAAGACTCCTAATTTATAAGGTT.....................TCTAACCGGTTCTCTGGGGTCCCA...GACAGATTCAGTGGCAGTGGG......CCAGGGACAGATTTCACACTGAAAATCAGCAGGGTGGAAGCTGAGGATGTCGGGGTTTATTACTGCACGCAAGCTACACAATTTCCTCA,1,HG04153
IGKJ4*01_a16g,IGK,IGKJ,,,GGTTTTTGT,CACTGTG,GCTCACTTTCGGCGGGGGGACCAAGGTGGAGATCAAAC,1,NA12778
IGKV2-29*01_t222c,IGK,IGKV,ACAGAAACC,CACAGTG,,,GATATTGTGATGACCCAGACTCCACTCTCTCTGTCCGTCACCCCTGGACAGCCGGCCTCCATCTCCTGCAAGTCTAGTCAGAGCCTCCTGCATAGT...GATGGAAAGACCTATTTGTATTGGTACCTGCAGAAGCCAGGCCAGTCTCCACAGCTCCTGATCTATGAAGTT.....................TCCAGCCGGTTCTCTGGAGTGCCA...GACAGGTTCAGTGGCAGCGGG......TCAGGGACAGATTTCACACTGAAAATCAGCCGGGTGGAGGCTGAGGATGTTGGGGTTTATTACTGAATGCAAGGTATACACCTTCCTCC,1,NA12778
IGKV1-13*01_g71a,IGK,IGKV,ACATAAACC,CATAGTG,,,GCCATCCAGTTGACCCAGTCTCCATCCTCCCTGTCTGCATCTGTAGGAGACAGAGTCACCATCACTTGCCAGGCAAGTCAGGGCATT..................AGCAGTGCTTTAGCCTGATATCAGCAGAAACCAGGGAAAGCTCCTAAGCTCCTGATCTATGATGCC.....................TCCAGTTTGGAAAGTGGGGTCCCA...TCAAGGTTCAGCGGCAGTGGA......TCTGGGACAGATTTCACTCTCACCATCAGCAGCCTGCAGCCTGAAGATTTTGCAACTTATTACTGTCAACAGTTTAATAATTACCCTCA,1,NA18543
IGKV1-16*02_g278a,IGK,IGKV,ACATAAACC,CACAGTG,,,GACATCCAGATGACCCAGTCTCCATCCTCACTGTCTGCATCTGTAGGAGACAGAGTCACCATCACTTGTCGGGCGAGTCAGGGCATT..................AGCAATTATTTAGCCTGGTTTCAGCAGAAACCAGGGAAAGCCCCTAAGTCCCTGATCTATGCTGCA.....................TCCAGTTTGCAAAGTGGGGTCCCA...TCAAAGTTCAGCGGCAGTGGA......TCTGGGACAGATTTCACTCTCACCATCAGCAACCTGCAGCCTGAAGATTTTGCAACTTATTACTGCCAACAGTATAATAGTTACCCTCC,1,NA18543
IGKV1-6*01_c252g,IGK,IGKV,ACAGAAACC,CACAGTG,,,GCCATCCAGATGACCCAGTCTCCATCCTCCCTGTCTGCATCTGTAGGAGACAGAGTCACCATCACTTGCCGGGCAAGTCAGGGCATT..................AGAAATGATTTAGGCTGGTATCAGCAGAAACCAGGGAAAGCCCCTAAGCTCCTGATCTATGCTGCA.....................TCCAGTTTACAAAGTGGGGTCCCA...TCAAGGTTCAGCGGCAGTGGA......TCTGGGACAGATTTCACTCTCACCATCAGCAGCCTGCAGCCTGAAGATTTTGCAACTTATTACTGTCTACAAGATTACAATTACCCTCC,1,NA18543
IGKV1D-33*01_t319c,IGK,IGKV,ACATAAATC,CACAGTG,,,GACATCCAGATGACCCAGTCTCCATCCTCCCTGTCTGCATCTGTAGGAGACAGAGTCACCATCACTTGCCAGGCGAGTCAGGACATT..................AGCAACTATTTAAATTGGTATCAGCAGAAACCAGGGAAAGCCCCTAAGCTCCTGATCTACGATGCA.....................TCCAATTTGGAAACAGGGGTCCCA...TCAAGGTTCAGTGGAAGTGGA......TCTGGGACAGATTTTACTTTCACCATCAGCAGCCTGCAGCCTGAAGATATTGCAACATATTACTGTCAACAGCATGATAATCTCCCTCC,1,NA18572
IGKV2-24*01_a335-,IGK,IGKV,ACAAAAACC,CACAGTG,,,GATATTGTGATGACCCAGACTCCACTCTCCTCACCTGTCACCCTTGGACAGCCGGCCTCCATCTCCTGCAGGTCTAGTCAAAGCCTCGTACACAGT...GATGGAAACACCTACTTGAGTTGGCTTCAGCAGAGGCCAGGCCAGCCTCCAAGACTCCTAATTTATAAGATT.....................TCTAACCGGTTCTCTGGGGTCCCA...GACAGATTCAGTGGCAGTGGG......GCAGGGACAGATTTCACACTGAAAATCAGCAGGGTGGAAGCTGAGGATGTCGGGGTTTATTACTGCATGCAAGCTACACAATTTCCTC,2,"NA18572,NA20903"
IGKV1-33*01_a85g,IGK,IGKV,ACATAAATC,CACAGTG,,,GACATCCAGATGACCCAGTCTCCATCCTCCCTGTCTGCATCTGTAGGAGACAGAGTCACCATCACTTGCCAGGCGAGTCAGGACGTT..................AGCAACTATTTAAATTGGTATCAGCAGAAACCAGGGAAAGCCCCTAAGCTCCTGATCTACGATGCA.....................TCCAATTTGGAAACAGGGGTCCCA...TCAAGGTTCAGTGGAAGTGGA......TCTGGGACAGATTTTACTTTCACCATCAGCAGCCTGCAGCCTGAAGATATTGCAACATATTACTGTCAACAGTATGATAATCTCCCTCC,1,NA19108
IGKV6-21*01_c302t,IGK,IGKV,ACAAAAACT,CACTGTG,,,GAAATTGTGCTGACTCAGTCTCCAGACTTTCAGTCTGTGACTCCAAAGGAGAAAGTCACCATCACCTGCCGGGCCAGTCAGAGCATT..................GGTAGTAGCTTACACTGGTACCAGCAGAAACCAGATCAGTCTCCAAAGCTCCTCATCAAGTATGCT.....................TCCCAGTCCTTCTCAGGGGTCCCC...TCGAGGTTCAGTGGCAGTGGA......TCTGGGACAGATTTCACCCTCACCATCAATAGCCTGGAAGCTGAAGATGCTGCAATGTATTACTGTCATCAGAGTAGTAGTTTACCTCA,1,NA19108
IGKV2D-24*01_g33t,IGK,IGKV,ACAAAAACC,CACAGTG,,,GATATTGTGATGACCCAGACTCCACTCTCCTCTCCTGTCACCCTTGGACAGCCGGCCTCCATCTCCTTCAGGTCTAGTCAAAGCCTCGTACACAGT...GATGGAAACACCTACTTGAGTTGGCTTCAGCAGAGGCCAGGCCAGCCTCCAAGACTCCTAATTTATAAGGTT.....................TCTAACCGGTTCTCTGGGGTCCCA...GACAGATTCAGTGGCAGTGGG......GCAGGGACAGATTTCACACTGAAAATCAGCAGGGTGGAAGCTGAGGATGTCGGGGTTTATTACTGCACGCAAGCTACACAATTTCCTCA,1,NA19916
IGKV1-12*01_c59t,IGK,IGKV,ACATAAACC,CACAGTG,,,GACATCCAGATGACCCAGTCTCCATCTTCCGTGTCTGCATCTGTAGGAGACAGAGTCATCATCACTTGTCGGGCGAGTCAGGGTATT..................AGCAGCTGGTTAGCCTGGTATCAGCAGAAACCAGGGAAAGCCCCTAAGCTCCTGATCTATGCTGCA.....................TCCAGTTTGCAAAGTGGGGTCCCA...TCAAGGTTCAGCGGCAGTGGA......TCTGGGACAGATTTCACTCTCACCATCAGCAGCCTGCAGCCTGAAGATTTTGCAACTTACTATTGTCAACAGGCTAACAGTTTCCCTCC,1,NA19916
IGKV2-40*01_a2t_t5c_c120t_g123t_g233a,IGK,IGKV,ACAGAAACC,CACAGTG,,,GTTACTGTGATGACCCAGACTCCACTCTCCCTGCCCGTCACCCCTGGAGAGCCGGCCTCCATCTCCTGCAGGTCTAGTCAGAGCCTCTTGGATAGTGATGATGGAAACACCTATTTGGATTGTTACCTGCAGAAGCCAGGGCAGTCTCCACAGCTCCTGATCTATACGCTT.....................TCCTATCGGGCCTCTGGAGTCCCA...GACAGGTTCAGTGACAGTGGG......TCAGGCACTGATTTCACACTGAAAATCAGCAGGGTGGAGGCTGAGGATGTTGGAGTTTATTACTGCATGCAACGTATAGAGTTTCCTTC,1,NA19916
IGKJ4*01_g25c,IGK,IGKJ,,,GGTTTTTGT,CACTGTG,GCTCACTTTCGGCGGAGGGACCAACGTGGAGATCAAAC,1,NA20774
IGKJ4*01_g25c,IGK,IGKJ,,,GGTTTTTGT,CACTGTG,GCTCACTTTCGGCGGAGGGACCAACGTGGAGATCAAAC,1,NA20774
IGKV2-24*01_g122c,IGK,IGKV,ACAAAAACC,CACAGTG,,,GATATTGTGATGACCCAGACTCCACTCTCCTCACCTGTCACCCTTGGACAGCCGGCCTCCATCTCCTGCAGGTCTAGTCAAAGCCTCGTACACAGT...GATGGAAACACCTACTTGAGTTCGCTTCAGCAGAGGCCAGGCCAGCCTCCAAGACTCCTAATTTATAAGATT.....................TCTAACCGGTTCTCTGGGGTCCCA...GACAGATTCAGTGGCAGTGGG......GCAGGGACAGATTTCACACTGAAAATCAGCAGGGTGGAAGCTGAGGATGTCGGGGTTTATTACTGCATGCAAGCTACACAATTTCCTCA,1,NA21110
