allele,asc,gene_type,chain,seq,seq_gapped,sample_count_AIRRseq,sample_count_genomic,kimdb,rhgldb+,imgt,trios,notes,iglabel,novel,allele_seed,vrc,guo,allele_seed_novel,novel_notes
IGHV3-AGQ-S*02_S9162,"",IGHV,IGH,GAGGTGCAGCTGGTGGAGTCTGGGGGAGGCTTGGTACAGCCTGGCGGGTCTCTGAGACTCTCCTGTGTAGCCTCTGGATTCACCTTCAGTGACTACGAGATGGCCTGGGTCCGACAGGCTACAGGGAAGGGGCTGGAGTGGGTCTCAAGTATTAGTCAACCTAGTGGTAGTAACACATACTACCTAGACCCTGTCAAGGGCCAATTCACCATCTCCAGAGACAACGCCAAGAACACACTGTATCTTCAAATGAACAGCCTGAGAGCCGAGGACACGGCTGTCTATTACTGTGCGAGACA,GAGGTGCAGCTGGTGGAGTCTGGGGGA...GGCTTGGTACAGCCTGGCGGGTCTCTGAGACTCTCCTGTGTAGCCTCTGGATTCACCTTC............AGTGACTACGAGATGGCCTGGGTCCGACAGGCTACAGGGAAGGGGCTGGAGTGGGTCTCAAGTATTAGTCAACCTAGT...GGTAGTAACACATACTACCTAGACCCTGTCAAG...GGCCAATTCACCATCTCCAGAGACAACGCCAAGAACACACTGTATCTTCAAATGAACAGCCTGAGAGCCGAGGACACGGCTGTCTATTACTGTGCGAGACA,14,14,"","","","","",,FALSE,,IGHV3-AGQ-S*02_S9162,"",IGHV3-4D57*04_g224a,Seen in external sources
IGHV4-AGR*02_S2500,"",IGHV,IGH,CAGGTGCAGCTGCAGGAGTCGGGCCCAGGAGTGGTGAAGCCTTCGGAGACCCTGTCCCTCACCTGCGCTGTCTCTGGTGGCACCATCAGCAGTGGTTACTACTACTGGAGCTGGATCCGCCAGCCCCCAGGGAAGGGGCTGGAGTGGATTGGGGGTATCTATAGTAATAGTGAGAGTACCAACTACAACCCCTCCCTCAAGAGTCGAGTCACCATTTCAAAAGACACGTCCAAGAACCAGTTCTCCCTAAAGCTGAGCTCTGTGACCGCCGCGGACACGGCCGTGTATTACTGTGCGAGAGA,CAGGTGCAGCTGCAGGAGTCGGGCCCA...GGAGTGGTGAAGCCTTCGGAGACCCTGTCCCTCACCTGCGCTGTCTCTGGTGGCACCATCAGC......AGTGGTTACTACTACTGGAGCTGGATCCGCCAGCCCCCAGGGAAGGGGCTGGAGTGGATTGGGGGTATCTATAGTAAT......AGTGAGAGTACCAACTACAACCCCTCCCTCAAG...AGTCGAGTCACCATTTCAAAAGACACGTCCAAGAACCAGTTCTCCCTAAAGCTGAGCTCTGTGACCGCCGCGGACACGGCCGTGTATTACTGTGCGAGAGA,1,1,"","","","","",,FALSE,,IGHV4-AGR*02_S2500,"",IGHV4-2W2B*12_g137c,Seen in external sources
IGHV4-AGU*01_S0022,"",IGHV,IGH,CAGGTGCAGCTGCAGGAGTCGGGCCCAGGAGTGGTGAAGCCTTCAGAGACCCTGTCCCTCACCTGCGCTGTCTCTGGAGGCTCCATCAGCAGTGGTTATGACTGGAGCTGGATCCGCCAGCCCCCAGGGAAGGGGCTGGAGTGGATTGGGTATATCTATGGTAGTAGTGGGAGCACCAACTACAACCCGTCCCTCAAGAATCGAGTCACCATTTCAAAAGACGCGTCCAAGAACCAGTTCTCCCTGAAGCTGAGCTCTGTGACCGCCGCGGACACGGCCGTGTATTACTGTGCGAGAGA,CAGGTGCAGCTGCAGGAGTCGGGCCCA...GGAGTGGTGAAGCCTTCAGAGACCCTGTCCCTCACCTGCGCTGTCTCTGGAGGCTCCATCAGC.........AGTGGTTATGACTGGAGCTGGATCCGCCAGCCCCCAGGGAAGGGGCTGGAGTGGATTGGGTATATCTATGGTAGT......AGTGGGAGCACCAACTACAACCCGTCCCTCAAG...AATCGAGTCACCATTTCAAAAGACGCGTCCAAGAACCAGTTCTCCCTGAAGCTGAGCTCTGTGACCGCCGCGGACACGGCCGTGTATTACTGTGCGAGAGA,2,2,"","","","","",,FALSE,,IGHV4-AGU*01_S0022,"",IGHV4-3X7S*04_t87c,Seen in external sources
IGHV4-AFQ-U*01_S1797,"",IGHV,IGH,CAGGTGCAGCTGCAGGAGTCGGGCCCAGGACTGGTGAAGCCTTCGGAGACCCTGTCCCTCACCTGCGCTGTCTCTGGTGGCTCCATCAGCAGTAGTAACTGGTGGAGCTGGATCCGCCAGCCCCCAGGGAAAGGGCTGGAGTGGATTGGGGGTATCTATAGTAATAGTGAGAGTACCAACTACAACCCCTCCCTCAAGAGTCGAGTCACCATTTCAAAAGACACGTCCAAGAACCAGTTCTCCTTGAAGCTGAGCTCTGTGACCGCCGCGGACACGGCCGTGTATTACTGTGCGAGACA,CAGGTGCAGCTGCAGGAGTCGGGCCCA...GGACTGGTGAAGCCTTCGGAGACCCTGTCCCTCACCTGCGCTGTCTCTGGTGGCTCCATCAGC.........AGTAGTAACTGGTGGAGCTGGATCCGCCAGCCCCCAGGGAAAGGGCTGGAGTGGATTGGGGGTATCTATAGTAAT......AGTGAGAGTACCAACTACAACCCCTCCCTCAAG...AGTCGAGTCACCATTTCAAAAGACACGTCCAAGAACCAGTTCTCCTTGAAGCTGAGCTCTGTGACCGCCGCGGACACGGCCGTGTATTACTGTGCGAGACA,1,1,"","","","","",,FALSE,,IGHV4-AFQ-U*01_S1797,"",IGHV4-3XRG*03_g319c,Seen in external sources
IGHV4-AEB*01_S3716,"",IGHV,IGH,CAGGTGCAGCTGCAGGAGTCGGGCCCAGGACTGGTGAAGCCTTCGGAGACCCTGTCCCTCACCTGCGCTGTCTCTGGTGGCTCCTTCAGCAGTTACTGGTGGGGCTGGATCCGCCAGCCCCCAGGGAAGGGGCTGGAGTGGATTGGGAGTATCTATGGTAGTAGTGGGAGCACCGAATACAACCCCTCCCTCAAAAGTCGAGCCACCATTTCAAGAGACACGTCCAAGAATCAGTTCTCCCTGAAGCTGAGCTCTGTGACCGCCGCGGACACGGCCGTGTATTACTGTGCGAGAAA,CAGGTGCAGCTGCAGGAGTCGGGCCCA...GGACTGGTGAAGCCTTCGGAGACCCTGTCCCTCACCTGCGCTGTCTCTGGTGGCTCCTTC............AGCAGTTACTGGTGGGGCTGGATCCGCCAGCCCCCAGGGAAGGGGCTGGAGTGGATTGGGAGTATCTATGGTAGT......AGTGGGAGCACCGAATACAACCCCTCCCTCAAA...AGTCGAGCCACCATTTCAAGAGACACGTCCAAGAATCAGTTCTCCCTGAAGCTGAGCTCTGTGACCGCCGCGGACACGGCCGTGTATTACTGTGCGAGAAA,8,8,"","","","","",,FALSE,,IGHV4-AEB*01_S3716,"",IGHV4-N2SB*01_c255t_g319a,Seen in external sources
IGHV4-AEB*01_S1445,"",IGHV,IGH,CAGGTGCAGCTGCAGGAGTCGGGCCCAGGACTGGTGAAGCCTTCAGAGACCCTGTCCCTCACCTGCGCTGTCTCTGGTGGCTCCTTCAGCAGTTACTGGTGGGGCTGGATCCGCCAGCCCCCAGGGAAGGGGCTGGAGTGGATTGGGAGTATCTATGGTAGTAGTGGGAGCACCGAATACAACCCCTCCCTCAAAAGTCGAGCCACCATTTCAAGAGACACGTCCAAGAACCAGTTCTCCCTGAAGCTGAGCTCTGTGACCGCCGCGGACACGGCCGTGTATTACTGTGCGAGAGA,CAGGTGCAGCTGCAGGAGTCGGGCCCA...GGACTGGTGAAGCCTTCAGAGACCCTGTCCCTCACCTGCGCTGTCTCTGGTGGCTCCTTC............AGCAGTTACTGGTGGGGCTGGATCCGCCAGCCCCCAGGGAAGGGGCTGGAGTGGATTGGGAGTATCTATGGTAGT......AGTGGGAGCACCGAATACAACCCCTCCCTCAAA...AGTCGAGCCACCATTTCAAGAGACACGTCCAAGAACCAGTTCTCCCTGAAGCTGAGCTCTGTGACCGCCGCGGACACGGCCGTGTATTACTGTGCGAGAGA,5,5,"","","","","",,FALSE,,IGHV4-AEB*01_S1445,"",IGHV4-N2SB*01_g48a,Seen in external sources
IGHV3-ABZ*01_S8689,"",IGHV,IGH,GAGGTGCAGCTGGTGGAGTCTGGGGGCGGCTTGGCACAGCCTGGGGGGTCCCTGAGACTCTCCTGTGCAGCCTCTGGATTCACCTTCAGTGACCACTACATGGACTGGGTCCGCCAGGCTCCAGGGAAGGGCCTGGAGTGGGTTGGCCGTATTAGAAACAAAGCTAACAGTTACACGACAGAATACGCCGCGTCTGTGAAAGGCAGATTCACCATCTCAAGGGATGATTCAAAGAACACACTGTATCTGCAAATGAGCAGCCTGAAAACCGAGGACACGGCCGTGTATTACTGTGCTAGAGA,GAGGTGCAGCTGGTGGAGTCTGGGGGC...GGCTTGGCACAGCCTGGGGGGTCCCTGAGACTCTCCTGTGCAGCCTCTGGATTCACCTTC............AGTGACCACTACATGGACTGGGTCCGCCAGGCTCCAGGGAAGGGCCTGGAGTGGGTTGGCCGTATTAGAAACAAAGCTAACAGTTACACGACAGAATACGCCGCGTCTGTGAAA...GGCAGATTCACCATCTCAAGGGATGATTCAAAGAACACACTGTATCTGCAAATGAGCAGCCTGAAAACCGAGGACACGGCCGTGTATTACTGTGCTAGAGA,1,1,"","","","","",,FALSE,,IGHV3-ABZ*01_S8689,"",IGHV9-4FTX*06_c190a,Seen in external sources
IGKV1-ACK*01_S5004,"",IGKV,IGK,GACATCCAGATGACCCAGTCTCCATCTTCCCTGTCTGCATCTGCAGGAGACAGAGTCACCATCACTTGCAGGGCAAGTCAGGGCATTAGCACTTATTTAAATTGGTATCAGCAGAAACCAGGAAAAGCTCCTAAGCGCCTGATCTATGCTGCATCCAGTTTGGAAAGTGGGGTCCCATCAAGGTTCAGCGGCAGTGGATCTGGGACAGAATTCACTCTCACCATCAGCAGCCTGCAGCCTGAAGATTTTGCAACTTATTACTGTCTACAGTATAATAGTAACCCTCC,GACATCCAGATGACCCAGTCTCCATCTTCCCTGTCTGCATCTGCAGGAGACAGAGTCACCATCACTTGCAGGGCAAGTCAGGGCATT..................AGCACTTATTTAAATTGGTATCAGCAGAAACCAGGAAAAGCTCCTAAGCGCCTGATCTATGCTGCA.....................TCCAGTTTGGAAAGTGGGGTCCCA...TCAAGGTTCAGCGGCAGTGGA......TCTGGGACAGAATTCACTCTCACCATCAGCAGCCTGCAGCCTGAAGATTTTGCAACTTATTACTGTCTACAGTATAATAGTAACCCTCC,1,1,,"","","","",,FALSE,,IGKV1-ACK*01_S5004,"",IGKV1-223S*19_t258a,Seen in external sources
IGKV1-AEG*01_S9295,"",IGKV,IGK,GACATCCAGATGACCCAGTCTCCATCCTCCCTGTCTGCATCTGTAGGAGACACAGTCACCATCACTTGCCGGGCGAGTCAGAGTATTAGCAGCTGGTTAGCCTGGTATCAGCAGAAACCAGGGAAAGCCCCTAAGCTCCTGATCTATAAGGCATCCAGTTTGCAAAGTGGGGTCCCATCAAGGTTCAGCGGCAGTGGATCTGGGACAGATTTCACTCTCACCATCAGCAGCCTGCAGCCTGAAGATTTTGCAACTTATTACTGTCTACAGTATAGCAGTAGCCCTCC,GACATCCAGATGACCCAGTCTCCATCCTCCCTGTCTGCATCTGTAGGAGACACAGTCACCATCACTTGCCGGGCGAGTCAGAGTATT..................AGCAGCTGGTTAGCCTGGTATCAGCAGAAACCAGGGAAAGCCCCTAAGCTCCTGATCTATAAGGCA.....................TCCAGTTTGCAAAGTGGGGTCCCA...TCAAGGTTCAGCGGCAGTGGA......TCTGGGACAGATTTCACTCTCACCATCAGCAGCCTGCAGCCTGAAGATTTTGCAACTTATTACTGTCTACAGTATAGCAGTAGCCCTCC,4,4,,"","","","",,FALSE,,IGKV1-AEG*01_S9295,"",IGKV1-2UN4*02_c216a,Seen in external sources
IGKV1-AAS*03_S9641,"",IGKV,IGK,GACATCCAGATGACGCAGTCTCCATCCTCCCTCTCTGCATCTGTAGGAGACAGAGTCACCATCACTTGCCGGGCGAGTCAGGGCATTAACAATTATTTAAGTTGGTATCAGCAGAAACCAGGGAAAGCCCCTAAGCGCCTGATCTATTATGCATCCAGTTTGGAAACAGGGGTCCCATCAAGGTTCAGTGGAAGTGGATCTGGGACAGATTATACTCTCACCATCAGCAGTCTGCAGCCTGAAGATATTGCAACATATTACTGTCAACAGTATGATAATTTCCCTCC,GACATCCAGATGACGCAGTCTCCATCCTCCCTCTCTGCATCTGTAGGAGACAGAGTCACCATCACTTGCCGGGCGAGTCAGGGCATT..................AACAATTATTTAAGTTGGTATCAGCAGAAACCAGGGAAAGCCCCTAAGCGCCTGATCTATTATGCA.....................TCCAGTTTGGAAACAGGGGTCCCA...TCAAGGTTCAGTGGAAGTGGA......TCTGGGACAGATTATACTCTCACCATCAGCAGTCTGCAGCCTGAAGATATTGCAACATATTACTGTCAACAGTATGATAATTTCCCTCC,2,8,,"","","","",,FALSE,,IGKV1-AAS*03_S9641,"",IGKV1-675G*01_g206c_t207a,Seen in external sources
IGKV1-AAS*01_S0420,"",IGKV,IGK,GACATCCAGATGACGCAGTCTCCATCCTCCCTCTCTGCATCTGTAGGAGACAGAGTCACCATCACTTGCCGGGCGAGTCAGGGCATTAACAATTATTTAAGTTGGTTTCAGCAGAAACCAGGGAAAGCCCCTAAGCCCCTGATCTATTATGCATCCAGTTTGGAAACAGGGGTCCCATCAAGGTTCAGTGGAAGTGGATCTGGGACAGATTATACTCTCACCATCAGCAGTCTGCAGCCTGAAGATATTGCAACATATTACTGTCAACAGTATAATAATTCCCCTCC,GACATCCAGATGACGCAGTCTCCATCCTCCCTCTCTGCATCTGTAGGAGACAGAGTCACCATCACTTGCCGGGCGAGTCAGGGCATT..................AACAATTATTTAAGTTGGTTTCAGCAGAAACCAGGGAAAGCCCCTAAGCCCCTGATCTATTATGCA.....................TCCAGTTTGGAAACAGGGGTCCCA...TCAAGGTTCAGTGGAAGTGGA......TCTGGGACAGATTATACTCTCACCATCAGCAGTCTGCAGCCTGAAGATATTGCAACATATTACTGTCAACAGTATAATAATTCCCCTCC,2,2,,"","","","",,FALSE,,IGKV1-AAS*01_S0420,"",IGKV1-675G*02_c53g_a125t,Seen in external sources
IGKV1-AAD-S*01_S1749,"",IGKV,IGK,GACATCCAGATGACCCAGTCTCCATCGTCCCTGTCTGCATCTGTAGGAGACAAAGTCACCATCACTTGCCGAGCCAGTCAGGGTATTAGCAGCTGGTTAGCCTGGTATCAGCAGAAACCAGGGAAAGCCCCTAAGCTCCTGATCTATAAGGCGTCCAGTTTGGCAAGTGGGGTCCCATCAAGGTTCAGCGGCAGTGGATCTGGGACGGATTACACTCTCACCATCAGCAGCCTGCAGCCTGAAGATTTTGCAACTTATTATTGTCAACAGGGTTACAATACCCCTCC,GACATCCAGATGACCCAGTCTCCATCGTCCCTGTCTGCATCTGTAGGAGACAAAGTCACCATCACTTGCCGAGCCAGTCAGGGTATT..................AGCAGCTGGTTAGCCTGGTATCAGCAGAAACCAGGGAAAGCCCCTAAGCTCCTGATCTATAAGGCG.....................TCCAGTTTGGCAAGTGGGGTCCCA...TCAAGGTTCAGCGGCAGTGGA......TCTGGGACGGATTACACTCTCACCATCAGCAGCCTGCAGCCTGAAGATTTTGCAACTTATTATTGTCAACAGGGTTACAATACCCCTCC,31,33,,"","","","",,FALSE,,IGKV1-AAD-S*01_S1749,"",IGKV1-6MJ2*02_c27g_g166a_c167a_t168g_a171g_c202g_a203c,Seen in external sources
IGKV2-AEB*01_S2909,"",IGKV,IGK,GATATTGTGATGACCCAGACTCCACTCTCCCTGCCCGTCACCCCTGGAGAGCCGGCCTCCATCTCCTGCAGGTCTAGTCAGAGCCTCTTGGATAGTGAGGATGGAAACACCTATTTGGATTGGTACCTGCAGAAGCCAGGCCAGTCTCCACAGCTCTTGATTTATGAGGTTTCCAACCGGGCCTCTGGAGTCCCAGACAGGTTCAGTGGCAGTGGGTCAGACACTGATTTCACACTGAAAATCAGCAGAGTGGAGGCTGAGGATGTTGGGGTTTATTACTGCATGCAAGGTCTAGAGTTTCCTCC,GATATTGTGATGACCCAGACTCCACTCTCCCTGCCCGTCACCCCTGGAGAGCCGGCCTCCATCTCCTGCAGGTCTAGTCAGAGCCTCTTGGATAGTGAGGATGGAAACACCTATTTGGATTGGTACCTGCAGAAGCCAGGCCAGTCTCCACAGCTCTTGATTTATGAGGTT.....................TCCAACCGGGCCTCTGGAGTCCCA...GACAGGTTCAGTGGCAGTGGG......TCAGACACTGATTTCACACTGAAAATCAGCAGAGTGGAGGCTGAGGATGTTGGGGTTTATTACTGCATGCAAGGTCTAGAGTTTCCTCC,29,30,,"","","","",,FALSE,,IGKV2-AEB*01_S2909,"",IGKV2-274M*09_c320g,Seen in external sources
IGKV2-AEM*01_S6879,"",IGKV,IGK,GATATTGTGATGACCCAGACTCCACTTTCCCTGCCTGTCATTCCTGGAGAGCCGGCCTCCATCTCCTGCAGGTCTAGTCAGAGCCTCCTGCATAGTGATGGATACACCTATTTGGACTGGTACCTGCAGAAGCCAGGCCAGTCTCCACAGCTCTTGATCTATTTGGGTTCCAAGCGGGCCTCTGGAGTCCCAGACAGGTTCAGTGGCAGTGGGTCAGGCACTGATTTCACACTGAAAATCAGTCGGGTGGAGGCTGAGGATGTTGGGGTTTATTACTGCATGCAAGGTACACAGCTTCCTCC,GATATTGTGATGACCCAGACTCCACTTTCCCTGCCTGTCATTCCTGGAGAGCCGGCCTCCATCTCCTGCAGGTCTAGTCAGAGCCTCCTGCATAGT...GATGGATACACCTATTTGGACTGGTACCTGCAGAAGCCAGGCCAGTCTCCACAGCTCTTGATCTATTTGGGT.....................TCCAAGCGGGCCTCTGGAGTCCCA...GACAGGTTCAGTGGCAGTGGG......TCAGGCACTGATTTCACACTGAAAATCAGTCGGGTGGAGGCTGAGGATGTTGGGGTTTATTACTGCATGCAAGGTACACAGCTTCCTCC,29,30,,"","","","",,FALSE,,IGKV2-AEM*01_S6879,"",IGKV2-5WB2*01_c27t_a33g_c36t_c41t_c42t_t221a_t312c_333tcc335,Seen in external sources
IGKV2-AAK*01_S3341,"",IGKV,IGK,GATGTTGTGATGACTCAGTCTCCACTCTCCCTGCCCGTCACCCCTGGACAGCTGGCCTCGATCTCCTGCAGGTCTAGTCAGAGCCTCCTGCATAGTAATGGAAACACTTACTTGAGTTGGTTTCTGCAGAAGCCAGGCCAACCTCCAAGGCGCCTAATTTATAAGGTTTCTAACCGGGACTCTGGGGTCCCAGACAGATTCAGCGGCAGTGGGGCAGGGACAGATTTTACACTGAAAATCAGCAGAGTGGAGGCTGAGGATGTCGGGGTTTATTACTGCATGCAAGGTACACACTGGCCTCC,GATGTTGTGATGACTCAGTCTCCACTCTCCCTGCCCGTCACCCCTGGACAGCTGGCCTCGATCTCCTGCAGGTCTAGTCAGAGCCTCCTGCATAGT...AATGGAAACACTTACTTGAGTTGGTTTCTGCAGAAGCCAGGCCAACCTCCAAGGCGCCTAATTTATAAGGTT.....................TCTAACCGGGACTCTGGGGTCCCA...GACAGATTCAGCGGCAGTGGG......GCAGGGACAGATTTTACACTGAAAATCAGCAGAGTGGAGGCTGAGGATGTCGGGGTTTATTACTGCATGCAAGGTACACACTGGCCTCC,2,2,,"","","","",,FALSE,,IGKV2-AAK*01_S3341,"",IGKV2-LFVG*01_c53t_328tggcctcc335,Seen in external sources
IGKV3-ADW-S*01_S3414,"",IGKV,IGK,GAAATTGTAATGACGCAGTCTCCAGCCACCCTGTCTTTGTCTCCAGGAGAAAGAGCCACCCTCTCCTGCAGGGCCAGTCAGAGTGTCAGCAGCAACTTAGCCTGGTACCAGCAGAAACCTGGGCAGGCTCCCAGGCTCCTCATCTATGGTGCATCCAGCAGGGCCACTGGCATCCCGGACAGGTTCAGTGGCAGTGGGTCTGGGACAGACTTCACTCTCACCATCAGCAGCCTGGAGCCTGAAGATTTTGCAGTTTATTATTGTCAGCAGTATAGTAACTGGTCTCA,GAAATTGTAATGACGCAGTCTCCAGCCACCCTGTCTTTGTCTCCAGGAGAAAGAGCCACCCTCTCCTGCAGGGCCAGTCAGAGTGTC..................AGCAGCAACTTAGCCTGGTACCAGCAGAAACCTGGGCAGGCTCCCAGGCTCCTCATCTATGGTGCA.....................TCCAGCAGGGCCACTGGCATCCCG...GACAGGTTCAGTGGCAGTGGG......TCTGGGACAGACTTCACTCTCACCATCAGCAGCCTGGAGCCTGAAGATTTTGCAGTTTATTATTGTCAGCAGTATAGTAACTGGTCTCA,29,30,,"","","","",,FALSE,,IGKV3-ADW-S*01_S3414,"",IGKV3-2BOL*02_c153g_c331t_333tca335,Seen in external sources
IGLV1-ACW*02_S4333,"",IGLV,IGL,CAGTCTGTGCTGACTCAGCCACCCTCAGCGTCTGGGGCCCCCGGGCAGAGTGTCACCATCTCCTGTTCTGGAAGCAGCTCCAACATCGGAAGTAATTATGTATACTGGTACCAGCAGCTCTCAGGAAAGGCCCCCAAACTCCTCATCTATAATAATAATCAGCGACCCTCAGGGGTCCCTGATCGATTCTCTGGCTCCAAGTCTGGCACGTCAGCCTCCCTGGCCATCAGTGGGCTCCAATCCGAGGATGAGGCTGATTATTACTGCGCAGCATGGGATAGCAGCCTGAGCGGTCC,CAGTCTGTGCTGACTCAGCCACCCTCAGCGTCTGGGGCCCCCGGGCAGAGTGTCACC...ATCTCCTGTTCTGGAAGCAGCTCCAACATC............GGAAGTAATTATGTATACTGGTACCAGCAGCTCTCAGGAAAGGCCCCCAAACTCCTCATCTATAATAAT.....................AATCAGCGACCCTCAGGGGTCCCT...GATCGATTCTCTGGCTCCAAG......TCTGGCACGTCAGCCTCCCTGGCCATCAGTGGGCTCCAATCCGAGGATGAGGCTGATTATTACTGCGCAGCATGGGATAGCAGCCTGAGCGGTCC,8,8,,"","","","",,FALSE,,IGLV1-ACW*02_S4333,"",IGLV1-24UP*02_a18g_g285a,Seen in external sources
IGLV1-ACW*02_S3502,"",IGLV,IGL,CAGTCTGTGCTGACTCAACCACCCTCAGCGTCTGGGGCCCCCGGGCAGAGGGTCACCATCTCCTGTTCTGGAAGCAGCTCCAACATCGGAAGTAATTATGTATACTGGTACCAGCAGCTCTCAGGAAAGGCCCCCAAACTCCTCATCTATAATAATAATCAGCGACCCTCAGGGGTCCCTGATCGATTCTCTGGCTCCAAGTCTGGCACGTCAGCCTCCCTGGCCATCAGTGGGCTCCAGTCCGAGGATGAGGCTGATTATTACTGCTCAGCATGGGATAGCAGCCTGAGCGGTCC,CAGTCTGTGCTGACTCAACCACCCTCAGCGTCTGGGGCCCCCGGGCAGAGGGTCACC...ATCTCCTGTTCTGGAAGCAGCTCCAACATC............GGAAGTAATTATGTATACTGGTACCAGCAGCTCTCAGGAAAGGCCCCCAAACTCCTCATCTATAATAAT.....................AATCAGCGACCCTCAGGGGTCCCT...GATCGATTCTCTGGCTCCAAG......TCTGGCACGTCAGCCTCCCTGGCCATCAGTGGGCTCCAGTCCGAGGATGAGGCTGATTATTACTGCTCAGCATGGGATAGCAGCCTGAGCGGTCC,10,10,,"","","","",,FALSE,,IGLV1-ACW*02_S3502,"",IGLV1-24UP*06_t51g,Seen in external sources
IGLV1-ACW*03_S5406,"",IGLV,IGL,CAGTCTGTGCTGACTCAGCCACCCTCAGCGTCTGGGACCCCTGGGCAGAGTGTCACCATCTCTTGTTCTGGAAGCAGCTCCAACATCGGAAGTAATTACGTAAACTGGTACCAGCAGCTCTCAGGAAAGGCCCCCAAACTCCTCATCTATAATAATAATCAGCGGCCCTCAGGGGTCCCTGACCGATTCTCTGGCTCCAAGTCTGGCACCTCAGCCTCCCTGGCCATCAGTGAGCTCCGGCCTGAGGATGAGGCTGATTATTACTGCGAAGCCCCGGATGACAACCTGAGCAGTCC,CAGTCTGTGCTGACTCAGCCACCCTCAGCGTCTGGGACCCCTGGGCAGAGTGTCACC...ATCTCTTGTTCTGGAAGCAGCTCCAACATC............GGAAGTAATTACGTAAACTGGTACCAGCAGCTCTCAGGAAAGGCCCCCAAACTCCTCATCTATAATAAT.....................AATCAGCGGCCCTCAGGGGTCCCT...GACCGATTCTCTGGCTCCAAG......TCTGGCACCTCAGCCTCCCTGGCCATCAGTGAGCTCCGGCCTGAGGATGAGGCTGATTATTACTGCGAAGCCCCGGATGACAACCTGAGCAGTCC,19,19,,"","","","",,FALSE,,IGLV1-ACW*03_S5406,"",IGLV1-24UP*07_a18g_g37a_c42t_c66t_t114c_t118a_a201g_t222c_g255c_g278a_a284g_a286c_c288t_c314a_a318c_t319c_g320c_t327c_g329a_g337a_a340c,Seen in external sources
IGLV1-ACV*02_S6107,"",IGLV,IGL,CAGTCTGTGCTGACACAGCCGCCCTCAGTGTCTGGGGCCCCAGGGCAGAAGGTCACCATCTCGTGCACTGGGAGCAGCTCCAACATTGGAGGTTATGATGTACACTGGTACCAGCAGCTCCCAGGAACGGCCCCCAAACTCCTCATCTATGACAATAATAAGCGACCCTCAGGGATTTCTGACCGATTCTCTGGCTCCAAGTCTGGTACCTCAGCCTCCCTGGCCATCACTGGGCTCCAGACTGAGGATGAGGCTGATTATTACTGCCAGTCCTATGACAGCAGCCTGAATGCTCA,CAGTCTGTGCTGACACAGCCGCCCTCAGTGTCTGGGGCCCCAGGGCAGAAGGTCACC...ATCTCGTGCACTGGGAGCAGCTCCAACATT............GGAGGTTATGATGTACACTGGTACCAGCAGCTCCCAGGAACGGCCCCCAAACTCCTCATCTATGACAAT.....................AATAAGCGACCCTCAGGGATTTCT...GACCGATTCTCTGGCTCCAAG......TCTGGTACCTCAGCCTCCCTGGCCATCACTGGGCTCCAGACTGAGGATGAGGCTGATTATTACTGCCAGTCCTATGACAGCAGCCTGAATGCTCA,11,11,,"","","","",,FALSE,,IGLV1-ACV*02_S6107,"",IGLV1-42NW*07_340ca341,Seen in external sources
IGLV1-ABS*01_S5022,"",IGLV,IGL,CAGTCTGTGCTGACACAGCCACCCTCAGTGTCTGCGGATCCAGGGCAGAAGGTCACAATCTCCTGCTCTGGAAGCAGCTCCAACATCGGGAGATATTATGTATCCTGGTACCAGCAGCTCCCAGGAACAGCCCCCAAACTCATCTATGGTGCCAACAATCGGCCCTCAGGGGTCCCTGACCGATTCTCTGGCTCCCAGTCTGGCACCTCAGCCACGCTGACCATCAATGGACTCCGGCCTGAGGACGAGGCTGATTATTACTGCGAAACATGGGATAGCAGCCTGAGTGCTCA,CAGTCTGTGCTGACACAGCCACCCTCAGTGTCTGCGGATCCAGGGCAGAAGGTCACA...ATCTCCTGCTCTGGAAGCAGCTCCAACATC............GGGAGATATTATGTATCCTGGTACCAGCAGCTCCCAGGAACAGCCCCCAAACTCATCTATGGTGCCAAC...........................AATCGGCCCTCAGGGGTCCCTGAC...CGATTCTCTGGCTCCCAGTCTGGCACCTCAGCCACGCTGACCATCAATGGACTCCGGCCTGAGGACGAGGCTGATTATTACTGCGAAACATGGGATAGCAGCCTGAGTGCTCA,12,12,,"","","","",,FALSE,,IGLV1-ABS*01_S5022,"",IGLV18-FO3T*01_g15a_g21a_c38a_c39t_c57a_a109t_g110a_g133c_g144a_c154-_t155-_c156-_167gtgcc171_t201c_g204t_a207g_t219c_t220c_a244c_t252c_t262a_c264g_g268a_c275a_a284g_a286c_g290a_a291g_t294c_g314a_g316a,Seen in external sources
IGLV1-ADU*01_S9121,"",IGLV,IGL,CAGTCTGTGCTGACGCAGCCGCCCTCAGTGTCTGCGGCCCCAGGGCAGAGGGTCACCATCTCCTGCTCTGGAAGCAGCTCCAACATCGGGAGAAGTTATGTATCCTGGTACCAGCAGGTCCCAGGAACGGCCCCCAAACTCCTCATCTATCAAGATAATAAGCGACCCTCAGGGGTTTCTGACCGATTCTCTGGCTCCAAGTCTGGTACCTCAGCCTCCCTGGCCATCACTGGACTCCAGACTGGAGATGAGGCTGATTATTACTGCGGAGCACGGGATAGCAGCCTGAGTGCTCA,CAGTCTGTGCTGACGCAGCCGCCCTCAGTGTCTGCGGCCCCAGGGCAGAGGGTCACC...ATCTCCTGCTCTGGAAGCAGCTCCAACATC............GGGAGAAGTTATGTATCCTGGTACCAGCAGGTCCCAGGAACGGCCCCCAAACTCCTCATCTATCAAGAT...........................AATAAGCGACCCTCAGGGGTTTCT...GACCGATTCTCTGGCTCCAAGTCTGGTACCTCAGCCTCCCTGGCCATCACTGGACTCCAGACTGGAGATGAGGCTGATTATTACTGCGGAGCACGGGATAGCAGCCTGAGTGCTCA,12,12,,"","","","",,FALSE,,IGLV1-ADU*01_S9121,"",IGLV18-FO3T*05_t319c,Seen in external sources
IGLV5-AAX*03_S3757,"",IGLV,IGL,CAGCCTGTGCTGACTCAGCCGGCCTCCCTCTCAGCATCTCCTGGAGCATCAGTCAGACTCACCTGCACCTTGCGCACTGGCATCAATGTTGGTGGCTACTACATATTCTGGTACCAGCAGAAGCCAGGGAGTCCTCCCCGGTATCTTCTGAACTACCACACAGACTCAGATAAGGGCCAGGGCTCTGGAGTTCCCAGCCGCTTCTCTGGATCCAAAGATGCTTCAGCCAATGCAGGCATTTTACTGATCTCTGGGCTCCAGTCTGAGGATGAGGCTGACTATTACTGTGCCATATGGTACAGCAGCGCTTCT,CAGCCTGTGCTGACTCAGCCGGCCTCCCTCTCAGCATCTCCTGGAGCATCAGTCAGA...CTCACCTGCACCTTGCGCACTGGCATCAATGTT.........GGTGGCTACTACATATTCTGGTACCAGCAGAAGCCAGGGAGTCCTCCCCGGTATCTTCTGAACTACCACACAGAC.........TCAGATAAGGGCCAGGGCTCTGGAGTTCCC...AGCCGCTTCTCTGGATCCAAAGATGCTTCAGCCAATGCAGGCATTTTACTGATCTCTGGGCTCCAGTCTGAGGATGAGGCTGACTATTACTGTGCCATATGGTACAGCAGCGCTTCT,12,12,,"","","","",,FALSE,,IGLV5-AAX*03_S3757,"",IGLV5-276Q*06_a21g_a22g_c53t_g80c_g89a_a106g_t108c_a112t_g113a_g114c,Seen in external sources
IGLV5-ABT*01_S7811,"",IGLV,IGL,CAGCCTGTGCTGACTCAGCCAACCTCCCTCTCAGCATCTCCTGGAGCATCAGTCAGACTCACCTGCACCTTGCGCAGTGGCATCAGTGTTGGTGGCTACAATATACACTGGTACCAGCAGAAGCCAGGGAGTCCTCCCCGGTACCTACTGTACTACTACTCAGACTCAAATAAGGGCCAGGGCTCTGGAGTTCCCAGCCGCTTCTCTGGATCCAAAGATGCTTTGGCCAATGCAGGGATTTTACTCATCTCTGGGTTCCAGTCTGAGGATGAGGCTGACTATTACTGTACGACTTGGCACAACAATGCTTCT,CAGCCTGTGCTGACTCAGCCAACCTCCCTCTCAGCATCTCCTGGAGCATCAGTCAGA...CTCACCTGCACCTTGCGCAGTGGCATCAGTGTT.........GGTGGCTACAATATACACTGGTACCAGCAGAAGCCAGGGAGTCCTCCCCGGTACCTACTGTACTACTACTCAGAC............TCAAATAAGGGCCAGGGCTCTGGAGTTCCCAGCCGCTTCTCTGGATCCAAAGATGCTTTGGCCAATGCAGGGATTTTACTCATCTCTGGGTTCCAGTCTGAGGATGAGGCTGACTATTACTGTACGACTTGGCACAACAATGCTTCT,7,8,,"","","","",,FALSE,,IGLV5-ABT*01_S7811,"",IGLV5-5FUK*02_c216t_c248t,Seen in external sources
IGLV7-ABD*01_S2652,"",IGLV,IGL,CAGGCTGTAGTGACTCAGGAGCCCTCACTGACTGTGTCCCCAGGAGGGACAGTCACTCTCACCTGTGGCTCCAGCGCTGGAGCAGTCACCAGTGGTAACTATCCAAACTGGTTCCAGCAGAAACCTGGACAAGCCCCCAGGGGACTGATTTACAATACAAACAGCAAACACTCCTGGACCCCTGCCCGGTTCTCAGGCTCCCTCGCTGGGGGCAAAGCTGCCCTGACACTGTCAGGTGCACAGCCCGAGGACGAGGCTGAGTATTACTGCTTGCTGTACTATAGTGGTGCTCAG,CAGGCTGTAGTGACTCAGGAGCCCTCACTGACTGTGTCCCCAGGAGGGACAGTCACT...CTCACCTGTGGCTCCAGCGCTGGAGCAGTCACC.........AGTGGTAACTATCCAAACTGGTTCCAGCAGAAACCTGGACAAGCCCCCAGGGGACTGATTTACAATACA...........................AACAGCAAACACTCCTGGACCCCT...GCCCGGTTCTCAGGCTCCCTCGCTGGGGGCAAAGCTGCCCTGACACTGTCAGGTGCACAGCCCGAGGACGAGGCTGAGTATTACTGCTTGCTGTACTATAGTGGTGCTCAG,10,10,,"","","","",,FALSE,,IGLV7-ABD*01_S2652,"",IGLV7-22ZI*02_336g336,Seen in external sources
IGLV4-ACF*04_S6574,"",IGLV,IGL,CAGCCTGTGCTGACTCAGCCATCCTCTGCATCGGCCTCCCTGGGAGCCTCGGTCACACTCACCTGCACCCTGAGCAGCGGCTACAGTAATTATGCGGTGGACTGGCACCAGCAGAGACCAGGGAAGGGCCCTCAGTTTGTGATGCGAGTGGGCACAGGTGGGATTGTGGGATCCAAGGGGGATGGCATCCCTGATCGCTTCTCAGGCTCGGGCTCCGGCCTGAATCGGTACCTGACCATCAAGAACATTCAGGAAGAGGATGAGAGTGACTACCACTGTGGGGCAGACCACGGCACTGGGAGCAGCTTCGTGTAACC,CAGCCTGTGCTGACTCAGCCATCCTCTGCATCGGCCTCCCTGGGAGCCTCGGTCACA...CTCACCTGCACCCTGAGCAGCGGCTACAGT...............AATTATGCGGTGGACTGGCACCAGCAGAGACCAGGGAAGGGCCCTCAGTTTGTGATGCGAGTGGGCACAGGT......GGGATTGTGGGATCCAAGGGGGATGGCATCCCT...GATCGCTTCTCAGGCTCGGGC......TCCGGCCTGAATCGGTACCTGACCATCAAGAACATTCAGGAAGAGGATGAGAGTGACTACCACTGTGGGGCAGACCACGGCACTGGGAGCAGCTTCGTGTAACC,21,21,,"","","","",,FALSE,,IGLV4-ACF*04_S6574,"",IGLV9-DGNA*01_t78c,Seen in external sources
IGKV3-ABD*01_S3142,"",IGKV,IGK,GAAATTGTGATGACACAATCTCCAGCCACCTTGTCCTTGTCTCTAGGGGAAACAGCCACCATCTCCTGCAGGACCAGTCAGAGTGTTAGCAACAAGTTAGGCTGGTACCAGCAGAAACCTGGGCAGGCTCCCAGGCTCCTCATCTATGGTGCATCCAACAGGGCCACTGGTATCCCAGACAGGTTCAGTGGCAGCGGGTCTGGGACAGACTTCACTCTCACCATCAGCAGCCTGGAGCCTGAAGATGTTGCAGTTTATTTCTGTCAGGAGACTAGTAACTTATC,GAAATTGTGATGACACAATCTCCAGCCACCTTGTCCTTGTCTCTAGGGGAAACAGCCACCATCTCCTGCAGGACCAGTCAGAGTGTT..................AGCAACAAGTTAGGCTGGTACCAGCAGAAACCTGGGCAGGCTCCCAGGCTCCTCATCTATGGTGCA.....................TCCAACAGGGCCACTGGTATCCCA...GACAGGTTCAGTGGCAGCGGG......TCTGGGACAGACTTCACTCTCACCATCAGCAGCCTGGAGCCTGAAGATGTTGCAGTTTATTTCTGTCAGGAGACTAGTAACTTATC,0,0,"","","","",New source,,FALSE,,IGKV3-ABD*01_S3142,"",IGKV3-ABD*01_S3142,
IGKV3-ADN*01_S2563,"",IGKV,IGK,GAAATTGTGCTGACCCAGTCTCCAACATCCATGGCTGTCTCCCAAGGAGAAAGAGTCACCATCTCCTGCACGGCCAGCTCAAGTGTAAGCACCAGCTACTTGCACTGGTACCAACAGAAGCCAGGATTCCCTCCAAGGCTTCTTGTCTATAGAACATCAAGTCTGGCTTCTGGAGTCCCAGCCAGGTTCAGTGGCAGCGGTTCTGGGACCTCTTACACGCTCACAATCAGCAGCATGGAGGCTGAAGATGCTGCAAACTATTACTGTCAGCAGGGGAATAACTGGAAA,GAAATTGTGCTGACCCAGTCTCCAACATCCATGGCTGTCTCCCAAGGAGAAAGAGTCACCATCTCCTGCACGGCCAGCTCAAGTGTA...............AGCACCAGCTACTTGCACTGGTACCAACAGAAGCCAGGATTCCCTCCAAGGCTTCTTGTCTATAGA.....................ACATCAAGTCTGGCTTCTGGAGTC...CCAGCCAGGTTCAGTGGCAGC......GGTTCTGGGACCTCTTACACGCTCACAATCAGCAGCATGGAGGCTGAAGATGCTGCAAACTATTACTGTCAGCAGGGGAATAACTGGAAA,0,0,"","","","",New source,,FALSE,,IGKV3-ADN*01_S2563,"",IGKV3-ADN*01_S2563,
IGKV1-ADD-S*02_S5428,"",IGKV,IGK,GACATCCAGATGACCCAGTCTCCATCTTCCCTGTCTGCATCTGTTGGAGACAGAGTCACCATCACTTGCAGGGCAAGTCAGGACATTAGCAATTATCTAAATTGGTATCAGTATGAACCAGGAAAACCTCCTAAGCTCCTGATCTATGCTGCATCCACTTTGGAAAGTGGGGTCCCATCAAGGTTCAGCGGCAGTGGATCTGGGACAGATTTCACTCTCACCATCAGCAGCCTGCAGCCTGAAGATTTTGCAACTTATTATTGTCAACCGTTTAAAAATTACCTTTC,GACATCCAGATGACCCAGTCTCCATCTTCCCTGTCTGCATCTGTTGGAGACAGAGTCACCATCACTTGCAGGGCAAGTCAGGACATT..................AGCAATTATCTAAATTGGTATCAGTATGAACCAGGAAAACCTCCTAAGCTCCTGATCTATGCTGCA.....................TCCACTTTGGAAAGTGGGGTCCCA...TCAAGGTTCAGCGGCAGTGGA......TCTGGGACAGATTTCACTCTCACCATCAGCAGCCTGCAGCCTGAAGATTTTGCAACTTATTATTGTCAACCGTTTAAAAATTACCTTTC,0,0,"","","","",New source,,FALSE,,IGKV1-ADD-S*02_S5428,"",IGKV1-ADD-S*02_S5428,
IGKV2-ADV*02_S2893,"",IGKV,IGK,GATATTGTGATGACCCAGACTCCACTCTCCCTGCCCGTGACCCCTGGAGAGCCGGCCTCCATCTCCTGCAGGTCTAGTCAGAGTCTCCTGCACAGTAATGGAAATACCTATTTGTATTGGTACCTGCAGAAGCCAGGGCAGCCTCCACGGCTCCTAATCTATAGAGTTTCCAACCGGTTCTCTGGGGTGCCAGACAGGTTCAGTGGCAGTGGATCAGGCACAGATTTCACACTGAAAATCAGCCGGGTGGAGCCTGAGGATGTCGGGGTTTATTACTGCATGCAAGCTTTACAAAATCC,GATATTGTGATGACCCAGACTCCACTCTCCCTGCCCGTGACCCCTGGAGAGCCGGCCTCCATCTCCTGCAGGTCTAGTCAGAGTCTCCTGCACAGT...AATGGAAATACCTATTTGTATTGGTACCTGCAGAAGCCAGGGCAGCCTCCACGGCTCCTAATCTATAGAGTT.....................TCCAACCGGTTCTCTGGGGTGCCA...GACAGGTTCAGTGGCAGTGGA......TCAGGCACAGATTTCACACTGAAAATCAGCCGGGTGGAGCCTGAGGATGTCGGGGTTTATTACTGCATGCAAGCTTTACAAAATCC,0,0,"","","","",New source,,FALSE,,IGKV2-ADV*02_S2893,"",IGKV2-ADV*02_S2893,
IGKV2-AEM*02_S8552,"",IGKV,IGK,GATATTGTGATGACCCAGACTCCACTTTCCCTGCCTGTCATTCCTGGAGAGCCGGCCTCCATCTCCTGCAGGTCCAGTCAGAGCCTCCTGCATAGTGATGGATACACCTATTTGGACTGGTACCTGCAGAAGCCAGGCCAGTCTCCACAGCTCTTGATCTATTTGGCTTCCAAGCGGGCCTCTGGAGTCCCAGACAGGTTCAGTGGCAGTGGGTCAGGCACTGATTTCACACTGAAAATCAGTCGGGTGGAGGCTGAGGATGTTGGGGTTTATTACTGCATGCAAGGTAAACAGAATCCT,GATATTGTGATGACCCAGACTCCACTTTCCCTGCCTGTCATTCCTGGAGAGCCGGCCTCCATCTCCTGCAGGTCCAGTCAGAGCCTCCTGCATAGT...GATGGATACACCTATTTGGACTGGTACCTGCAGAAGCCAGGCCAGTCTCCACAGCTCTTGATCTATTTGGCT.....................TCCAAGCGGGCCTCTGGAGTCCCA...GACAGGTTCAGTGGCAGTGGG......TCAGGCACTGATTTCACACTGAAAATCAGTCGGGTGGAGGCTGAGGATGTTGGGGTTTATTACTGCATGCAAGGTAAACAGAATCCT,0,0,"","","","",New source,,FALSE,,IGKV2-AEM*02_S8552,"",IGKV2-AEM*02_S8552,
IGKV1-ABR*03_S2574,"",IGKV,IGK,GACATACAGATGACGCAGTCTCCATCCTCCCTGTCTGCATCTGTAGGAGACACAGTCACCGTCACTTGCCGGGCAAGTCAGACCTTTAGTAGTAGTTTAGCCTGGTATCAGCAGAAACCAGGGAAAGTCCCTAAGCTCCTGATCAATAGTGCAACCAGTTTGCAATCTGGGGTTCCTTCGAGGTTCAGTGGCAGTAAGTCTGGGACAGATTTCACTCTCACCATCAGCAGCCTGCAGCCTGAAGATATTGCTAGTTATTACTGTCAACAGTATGACAGTTACCCTCC,GACATACAGATGACGCAGTCTCCATCCTCCCTGTCTGCATCTGTAGGAGACACAGTCACCGTCACTTGCCGGGCAAGTCAGACCTTT..................AGTAGTAGTTTAGCCTGGTATCAGCAGAAACCAGGGAAAGTCCCTAAGCTCCTGATCAATAGTGCA.....................ACCAGTTTGCAATCTGGGGTTCCT...TCGAGGTTCAGTGGCAGTAAG......TCTGGGACAGATTTCACTCTCACCATCAGCAGCCTGCAGCCTGAAGATATTGCTAGTTATTACTGTCAACAGTATGACAGTTACCCTCC,0,0,"","","","",New source,,FALSE,,IGKV1-ABR*03_S2574,"",IGKV1-ABR*03_S2574,
IGKV1-AAY*01_S1507,"",IGKV,IGK,GACATCCAGATGACCCAGTCTCCATCCTCCCTGTCTGCATCTGTAGGAGACAGAGTCACCATCACTTGTCGGGCGAGTCAGGGCATTAGCACTTATTTAGCGTGGTATCAGCAGAAACCAGGGAAAGCCCCGAAGCCCTTGATCTATTACGCATCCAATTTGGAAAGTGGGGTCCCATCAAGGTTCAGCGGCAGTGGATCTGGGACAGAATTCACTCTCACCATCAGCAGCCTGCAGGCTGAGGATTTTGCAACTTATTACTGTCAACAGTATAACAGTGACCCTCC,GACATCCAGATGACCCAGTCTCCATCCTCCCTGTCTGCATCTGTAGGAGACAGAGTCACCATCACTTGTCGGGCGAGTCAGGGCATT..................AGCACTTATTTAGCGTGGTATCAGCAGAAACCAGGGAAAGCCCCGAAGCCCTTGATCTATTACGCA.....................TCCAATTTGGAAAGTGGGGTCCCA...TCAAGGTTCAGCGGCAGTGGA......TCTGGGACAGAATTCACTCTCACCATCAGCAGCCTGCAGGCTGAGGATTTTGCAACTTATTACTGTCAACAGTATAACAGTGACCCTCC,0,0,"","","","",New source,,FALSE,,IGKV1-AAY*01_S1507,"",IGKV1-AAY*01_S1507,
IGKV1-ACE*01_S9907,"",IGKV,IGK,GACATCCAGATGACCCAGTCTCCATCTTCCTTATCTGCATCTGTAGGAGACAGAGTCACCATCACTTGTCGGGCTAGTCAGACCATTAGCAGTTATTTAGCCTGGTATCAGCAGAAACCAGGGAAAGTCCCTAAGCTCCTGATCTATGCTGCATCCAGTTTGGAAAGCGGGGTCCCATCTCGGTTCAGCGGCAGTGGATCTGGGACAGAATTCACTCTCACCATCAGCAGCCTGCAGCCTGAAGATTTTGCAACTTATTACTGTCAACAGCATAATAGTTACCCTCC,GACATCCAGATGACCCAGTCTCCATCTTCCTTATCTGCATCTGTAGGAGACAGAGTCACCATCACTTGTCGGGCTAGTCAGACCATT..................AGCAGTTATTTAGCCTGGTATCAGCAGAAACCAGGGAAAGTCCCTAAGCTCCTGATCTATGCTGCA.....................TCCAGTTTGGAAAGCGGGGTCCCA...TCTCGGTTCAGCGGCAGTGGA......TCTGGGACAGAATTCACTCTCACCATCAGCAGCCTGCAGCCTGAAGATTTTGCAACTTATTACTGTCAACAGCATAATAGTTACCCTCC,0,0,"","","","",New source,,FALSE,,IGKV1-ACE*01_S9907,"",IGKV1-ACE*01_S9907,
IGKV2-AAN*01_S6435,"",IGKV,IGK,GATGTTGTGTTGACTCAGTCTCCACTCTCCCTGCCCATCACCCCTGGACAACCGGCCTCCATCTCCTGCAGGTCTAGTCAAAGCCTTGTATACAGTGATGGGAACACCTACTTCAATTGGTATCAGCAGAGGCCAGGCCAACCTCCAAGGCGCCTAATTTATCAGGTTTCTAACCGGGATTCTGGGGTCCCAGACAGATTCAGCGGCAGTGGGTCAGGGACAGATTTCACACTGAAAATCAGCAGAGTGGAGGCTGAGGATGTTGGAGTTTATTACTGCATACAAGGTTCACACCTTCC,GATGTTGTGTTGACTCAGTCTCCACTCTCCCTGCCCATCACCCCTGGACAACCGGCCTCCATCTCCTGCAGGTCTAGTCAAAGCCTTGTATACAGT...GATGGGAACACCTACTTCAATTGGTATCAGCAGAGGCCAGGCCAACCTCCAAGGCGCCTAATTTATCAGGTT.....................TCTAACCGGGATTCTGGGGTCCCA...GACAGATTCAGCGGCAGTGGG......TCAGGGACAGATTTCACACTGAAAATCAGCAGAGTGGAGGCTGAGGATGTTGGAGTTTATTACTGCATACAAGGTTCACACCTTCC,0,0,"","","","",New source,,FALSE,,IGKV2-AAN*01_S6435,"",IGKV2-AAN*01_S6435,
IGKV6-ABA*02_S1224,"",IGKV,IGK,GATATTGTGATGACTCAGTCTCCAGCCTTCGTCTCTGTGACTCCAGGGGAGAAAGTCACCATCACCTGCCAGGCCAGTGAGGGCATTAGCAACTACTTACACTGGTACCAACAGAAACCAGATCAAGCCCCAAAGCTCTTCATCCAGTATGCTTCCCAGTCCATCTCAGGGGTCCCCTCGAGGTTCACTGGCAGCGGATCTGGGACAGATTTCACTTTTACCATCAGTAGCCTGGAAGTTGAAGATGCTGCAACATATTACTGTCAGCAGGGCAATAAGCACCC,GATATTGTGATGACTCAGTCTCCAGCCTTCGTCTCTGTGACTCCAGGGGAGAAAGTCACCATCACCTGCCAGGCCAGTGAGGGCATT..................AGCAACTACTTACACTGGTACCAACAGAAACCAGATCAAGCCCCAAAGCTCTTCATCCAGTATGCT.....................TCCCAGTCCATCTCAGGGGTCCCC...TCGAGGTTCACTGGCAGCGGA......TCTGGGACAGATTTCACTTTTACCATCAGTAGCCTGGAAGTTGAAGATGCTGCAACATATTACTGTCAGCAGGGCAATAAGCACCC,0,0,"","","","",New source,,FALSE,,IGKV6-ABA*02_S1224,"",IGKV6-ABA*02_S1224,
IGKV1-ACY*01_S0575,"",IGKV,IGK,GACATCCAGATGACCCAGTCTCCGTCCTCCCTGTCTGCATCTGTGGGGGACAGAGTCACCGTCACTTGCCGGGCGAGTCAAGGCATTAACAGGGAGTTAAACTGGTATCAGCAGAAAACAGGGAAAGCCCCTACACTCCTGATTTATTCCGCATCTAGTTTGCAGACTGGGGTCTCATCTCGGTTCAGCGGCAGTGGATTTGGGACAGATTTCACTCTCACCATCAGCAGCCTGCAGCCTGAAGATGTTGCAACTTATTACTGTCAACAGGATTCTACTATCCCTAC,GACATCCAGATGACCCAGTCTCCGTCCTCCCTGTCTGCATCTGTGGGGGACAGAGTCACCGTCACTTGCCGGGCGAGTCAAGGCATT..................AACAGGGAGTTAAACTGGTATCAGCAGAAAACAGGGAAAGCCCCTACACTCCTGATTTATTCCGCA.....................TCTAGTTTGCAGACTGGGGTCTCA...TCTCGGTTCAGCGGCAGTGGA......TTTGGGACAGATTTCACTCTCACCATCAGCAGCCTGCAGCCTGAAGATGTTGCAACTTATTACTGTCAACAGGATTCTACTATCCCTAC,0,0,"","","","",New source,,FALSE,,IGKV1-ACY*01_S0575,"",IGKV1-ACY*01_S0575,
IGKV2-AAN*01_S8098,"",IGKV,IGK,GATGTTGTGATGACTCAGTCTCCACTCTCCCTGCCCATCACCCCTGGACAACCGGCCTCCGTCTCCTGCAGGTCTAGCCAAAGCCTTGTACACAGTGATGGGAAAACCTACTTGAATTGGTATCAACAGAGGCCAGGCCAACCTCCAAGGCGCCTAATTTATCAGGTTTCTAAGCGGGACTCTGGGGTCCCAGACAGATTCAGCGGCAGTGGGGCAGGGACAGATTTCACACTGAAAATCAGCAGAGTGGAGGCTGAGGATGTTGGAGTTTATTACTGCATGCAAGGTACACACCTTCCTCC,GATGTTGTGATGACTCAGTCTCCACTCTCCCTGCCCATCACCCCTGGACAACCGGCCTCCGTCTCCTGCAGGTCTAGCCAAAGCCTTGTACACAGT...GATGGGAAAACCTACTTGAATTGGTATCAACAGAGGCCAGGCCAACCTCCAAGGCGCCTAATTTATCAGGTT.....................TCTAAGCGGGACTCTGGGGTCCCA...GACAGATTCAGCGGCAGTGGG......GCAGGGACAGATTTCACACTGAAAATCAGCAGAGTGGAGGCTGAGGATGTTGGAGTTTATTACTGCATGCAAGGTACACACCTTCCTCC,0,0,"","","","",New source,,FALSE,,IGKV2-AAN*01_S8098,"",IGKV2-AAN*01_S8098,
IGLV3-AED-X*05_S4647,"",IGLV,IGL,TCCTATGAGCTGACTCAGCCACCCTCGGTGTCAGTGTCCCCAGGACAGATGGCCAGGATCACCTGTGGGGGAGACAACCTTGGAAGTAAATATGTGCACTGGTACCAGCAGAAGCCACCGCAGGCCCCTGTGCTGGTCATCTATGATGATAGCGAACGGCCCTCAGGGATCCCTGAGCGATTCTCTGGCTCCAAATCAGGGAACACCGCCACCCTGACCATCAGCGGGGTCGAGGCCGGGGATGAGGCTGACTATTACTGTCAGGTGTGGGACAGTAGTAGTGATCATCC,TCCTATGAGCTGACTCAGCCACCCTCGGTGTCAGTGTCCCCAGGACAGATGGCCAGG...ATCACCTGTGGGGGAGACAACCTTGGA..................AGTAAATATGTGCACTGGTACCAGCAGAAGCCACCGCAGGCCCCTGTGCTGGTCATCTATGATGAT.....................AGCGAACGGCCCTCAGGGATCCCT...GAGCGATTCTCTGGCTCCAAA......TCAGGGAACACCGCCACCCTGACCATCAGCGGGGTCGAGGCCGGGGATGAGGCTGACTATTACTGTCAGGTGTGGGACAGTAGTAGTGATCATCC,0,0,"","","","",New source,,FALSE,,IGLV3-AED-X*05_S4647,"",IGLV3-AED-X*05_S4647,
IGLV1-ACW*03_S9192,"",IGLV,IGL,CAGTCTGTGCTGACTCAGCCACCCTCAGCGTCTGGGACCCCTGGGCAGAGTGTCACCATCTCTTGTTCTGGAAGCAGCTCCAACATCGGAAGTAATTACGTAAACTGGTACCAGCAGCTCTCAGGAAAGGCCCCCAAACTCCTCATCTATAATAATAATCAGCGGCCCTCAGGGGTCCCTGACCGATTCTCTGGCTCCAAGTCTGGCACCTCAGCCTCCCTGGCCATCAGTGAGCTCCGGCCTGAGGATGAGGCTGATTATTACTGCGAAGCCCCGGATGACAACCTGAGCGGTAC,CAGTCTGTGCTGACTCAGCCACCCTCAGCGTCTGGGACCCCTGGGCAGAGTGTCACC...ATCTCTTGTTCTGGAAGCAGCTCCAACATC............GGAAGTAATTACGTAAACTGGTACCAGCAGCTCTCAGGAAAGGCCCCCAAACTCCTCATCTATAATAAT.....................AATCAGCGGCCCTCAGGGGTCCCT...GACCGATTCTCTGGCTCCAAG......TCTGGCACCTCAGCCTCCCTGGCCATCAGTGAGCTCCGGCCTGAGGATGAGGCTGATTATTACTGCGAAGCCCCGGATGACAACCTGAGCGGTAC,0,0,"","","","",New source,,FALSE,,IGLV1-ACW*03_S9192,"",IGLV1-ACW*03_S9192,
IGLV3-AED-X*02_S4969,"",IGLV,IGL,TCCTATGAGCTGACTCAGCCACGCTCAGTGTCCGTGTCCCCAGGACAGACGGCCAGGATCACCTGTGGGGGAGACAACATTGGAAGTAAAAGTGTGCAGTGGTACCAGCAGAAGCCACCGCAGGCCCCTGTGCTGGTCATCTATGCTGATAGCGAACGGCCCTCAGGGATCCCTGAGCGATTCTCTGGCTCCAACTCAGGGAACACCGCCACCCTGACCATCAGCGGGGTCGAGGCCGGGGATGAGGCTGACTATTACTGTCAGGTGTGGGATAGTAGTAGTGATCATCC,TCCTATGAGCTGACTCAGCCACGCTCAGTGTCCGTGTCCCCAGGACAGACGGCCAGG...ATCACCTGTGGGGGAGACAACATTGGA..................AGTAAAAGTGTGCAGTGGTACCAGCAGAAGCCACCGCAGGCCCCTGTGCTGGTCATCTATGCTGAT.....................AGCGAACGGCCCTCAGGGATCCCT...GAGCGATTCTCTGGCTCCAAC......TCAGGGAACACCGCCACCCTGACCATCAGCGGGGTCGAGGCCGGGGATGAGGCTGACTATTACTGTCAGGTGTGGGATAGTAGTAGTGATCATCC,0,0,"","","","",New source,,FALSE,,IGLV3-AED-X*02_S4969,"",IGLV3-AED-X*02_S4969,
IGLV3-AAB*03_S2426,"",IGLV,IGL,TCCTCCGGTCTGACTCAGGAGCCTGCATTGTCTGTGGCCTTGGGACATACAGTCAGCATGACCTGCCAAGGAGACAGCCTCAAAACCTATTATGCAAGCTGGTACCAGCAGAAGCCAGGCCAGGTCCCTGTGCTGGTCGTCTATGGTAACAACTACCGGCCCTCAGGGATCCCAGAGCGATTCTCTGGCTCCTGGTCAGGAAACACAGGTTCCTTGACCATCACTGCGGCTCAGGTGGAAGATGAGGCTGACTATTACTGTAACTCCTGGGACAGCAGCGGTACCCATCC,TCCTCCGGTCTGACTCAGGAGCCTGCATTGTCTGTGGCCTTGGGACATACAGTCAGC...ATGACCTGCCAAGGAGACAGCCTCAAA..................ACCTATTATGCAAGCTGGTACCAGCAGAAGCCAGGCCAGGTCCCTGTGCTGGTCGTCTATGGTAAC.....................AACTACCGGCCCTCAGGGATCCCA...GAGCGATTCTCTGGCTCCTGG......TCAGGAAACACAGGTTCCTTGACCATCACTGCGGCTCAGGTGGAAGATGAGGCTGACTATTACTGTAACTCCTGGGACAGCAGCGGTACCCATCC,0,0,"","","","",New source,,FALSE,,IGLV3-AAB*03_S2426,"",IGLV3-AAB*03_S2426,
IGLV3-AAI*01_S0428,"",IGLV,IGL,TCCTCTGAGCTGACTCAGGAGCCTGCATTGTCTGTGGCCTTGGGACATACAGTCAGGATGACCTGCCAAGGAGACAGCCTCAAAACCTATTATGCAAGCTGGTACCAGCAGAAGCCAGGCCAGGTCCCTGTGCTGGTCGTCTATGGTAACAACTACCGGCCCTCAGGGATCCCAGGCCGATTCTCTGTCTCCTGGTCAGGAAACACAGGTTCCTTGACCATCACTGCGGCTCAGGTGGAAGATGAGGCTGACTATTACTGTAACTCCTGGGACAGCAGCGGTACCCATCC,TCCTCTGAGCTGACTCAGGAGCCTGCATTGTCTGTGGCCTTGGGACATACAGTCAGG...ATGACCTGCCAAGGAGACAGCCTCAAA..................ACCTATTATGCAAGCTGGTACCAGCAGAAGCCAGGCCAGGTCCCTGTGCTGGTCGTCTATGGTAAC...........................AACTACCGGCCCTCAGGGATCCCA...GGCCGATTCTCTGTCTCCTGGTCAGGAAACACAGGTTCCTTGACCATCACTGCGGCTCAGGTGGAAGATGAGGCTGACTATTACTGTAACTCCTGGGACAGCAGCGGTACCCATCC,0,0,"","","","",New source,,FALSE,,IGLV3-AAI*01_S0428,"",IGLV3-AAI*01_S0428,
IGHV1-AHF-X*02_S8029,"",IGHV,IGH,CAGGTCCAGCTGGTGCAATCCGGGGCTGAGGTGAAGAAGCCTGGGGCCTCAGTGAAGCTCTCCTGCAAGGCTTCCGGCTATACTTTTACCAGCTACAGTATAAACTGGGTGAGACAGGCCCCTGGACAAGGACTTGAGTGGATGGGATGGATTAACCCTAGCAATGGTAATACAGGCTACGCACAGAAGTTCCAGGGCAGAGTCACCATGACCAGGGACACGTCCACAAGCACAGCCTACATGGAGCTGAACAGCCTGAGATCTGAGGACACGGCCGTGTATTACTGTGCGAGAG,CAGGTCCAGCTGGTGCAATCCGGGGCT...GAGGTGAAGAAGCCTGGGGCCTCAGTGAAGCTCTCCTGCAAGGCTTCCGGCTATACTTTT............ACCAGCTACAGTATAAACTGGGTGAGACAGGCCCCTGGACAAGGACTTGAGTGGATGGGATGGATTAACCCTAGC......AATGGTAATACAGGCTACGCACAGAAGTTCCAG...GGCAGAGTCACCATGACCAGGGACACGTCCACAAGCACAGCCTACATGGAGCTGAACAGCCTGAGATCTGAGGACACGGCCGTGTATTACTGTGCGAGAG,0,0,"","","","",New source,,FALSE,,IGHV1-AHF-X*02_S8029,"",IGHV1-AHF-X*02_S8029,
IGHV4-ABB-S*01_S6514,"",IGHV,IGH,CAGGTGCAGCTGCAGGAGTCGGGCCCAGGACTGGTGAAGCCTTCGGAGACCCTGTCCCTCACCTGCGCTGTCTCTGGTGGCTCCATCAGCGATTACTACTACTGGAACTGGATCCGCCAACCCCCAGGGAAGGGGCTGGAGTGGATTGGGAATATCTATGGTAATAGTGCGAGCACCTACTACAACCCCTCCCTCAAGAGTCGAGTCACCATTTCAAAAGACACGTCCAAGAACCAGTTCTCCCTGAAGCTGAGCTCTGTGACCGCCGCGGACACGGCCGTGTATTACTGTGCGAGAAA,CAGGTGCAGCTGCAGGAGTCGGGCCCA...GGACTGGTGAAGCCTTCGGAGACCCTGTCCCTCACCTGCGCTGTCTCTGGTGGCTCCATCAGC.........GATTACTACTACTGGAACTGGATCCGCCAACCCCCAGGGAAGGGGCTGGAGTGGATTGGGAATATCTATGGTAAT......AGTGCGAGCACCTACTACAACCCCTCCCTCAAG...AGTCGAGTCACCATTTCAAAAGACACGTCCAAGAACCAGTTCTCCCTGAAGCTGAGCTCTGTGACCGCCGCGGACACGGCCGTGTATTACTGTGCGAGAAA,0,0,"","","","",New source,,FALSE,,IGHV4-ABB-S*01_S6514,"",IGHV4-ABB-S*01_S6514,
IGHV7-AGO-S*01_S4447,"",IGHV,IGH,CAGGTGCAGCTGGTGCAATCTGGGGCTGAGGTGAAGCAGCCGGGGGCCTCAGTGAAGGTCTCCTGCAAGGCTTCTGGATACACCTTCACTACCTATGGTATGAATTGGGTGCGACAGGCCCATGGACAACGGCTTGAGTGGATGGGGTGGATCAACACCGACTCTGGGAACCCAACATATGCCCAGGGCTTCAAAGAACGATTTACCTTCTCCATGGACACCTCTATCAGCACGGCATATCTGCAGATCAGCAGCCTAAAGGCTGAGGACACGGCCGTGTATTACTGTGCAAGAC,CAGGTGCAGCTGGTGCAATCTGGGGCT...GAGGTGAAGCAGCCGGGGGCCTCAGTGAAGGTCTCCTGCAAGGCTTCTGGATACACCTTC............ACTACCTATGGTATGAATTGGGTGCGACAGGCCCATGGACAACGGCTTGAGTGGATGGGGTGGATCAACACCGAC......TCTGGGAACCCAACATATGCCCAGGGCTTCAAA...GAACGATTTACCTTCTCCATGGACACCTCTATCAGCACGGCATATCTGCAGATCAGCAGCCTAAAGGCTGAGGACACGGCCGTGTATTACTGTGCAAGAC,0,0,"","","","",New source,,FALSE,,IGHV7-AGO-S*01_S4447,"",IGHV7-AGO-S*01_S4447,
IGHV4-AGL*01_S0060,"",IGHV,IGH,CAGGTGCAGCTGCAGGAGTCGGGCCCAGGAGTGGTGAAGCCTTTAGAGACCCTGTCCCTCAACTGCGCTGTCTCTGGAGACTCCATCAGCAGTGATTATGACTGGACCTGGATCCGCCAGCCCCCAGGGAAGGGACTAGAATATATTGGATATATCTATGGTAATCGTGGGAGCACCGACTACAACCCGTCCCTCCGGAATCGAGTCACCATTTCAAAAGACGCGTCCAAGAACCAGTTCTCCCTGAACCTGAATTTTGTGACCGCCGCGGACACGGCCATATATTACTGTGCGAGAGA,CAGGTGCAGCTGCAGGAGTCGGGCCCA...GGAGTGGTGAAGCCTTTAGAGACCCTGTCCCTCAACTGCGCTGTCTCTGGAGACTCCATCAGC.........AGTGATTATGACTGGACCTGGATCCGCCAGCCCCCAGGGAAGGGACTAGAATATATTGGATATATCTATGGTAAT......CGTGGGAGCACCGACTACAACCCGTCCCTCCGG...AATCGAGTCACCATTTCAAAAGACGCGTCCAAGAACCAGTTCTCCCTGAACCTGAATTTTGTGACCGCCGCGGACACGGCCATATATTACTGTGCGAGAGA,0,0,"","","","",New source,,FALSE,,IGHV4-AGL*01_S0060,"",IGHV4-AGL*01_S0060,
IGHV3-AFW*01_S5230,"",IGHV,IGH,GAGGCGCAGCTGATGGAAACTGGCGGAGGCTTGGTACAGCCTGGGGGGTCCCTGAGACTCTCCTGTGCAGACTCTGGATTCACCTTCAGTGACCACTACATGCAGTGGGTCCGCCAGGCTCCAGGGAAGGGGTTGGAGTGGGTAGGATTAATTAGAAACAAAGCTGATGGTGAGACAACAGACTATGCTGCATCTGTGAAAGGCAGATTCACCATCTCCAGAGATGATTCGAAAAGCATCACCTATCTGCAAATGAACAACCTGAAAACCGAGGACACGGCCGTGTATTACTGTGCGACGA,GAGGCGCAGCTGATGGAAACTGGCGGA...GGCTTGGTACAGCCTGGGGGGTCCCTGAGACTCTCCTGTGCAGACTCTGGATTCACCTTC............AGTGACCACTACATGCAGTGGGTCCGCCAGGCTCCAGGGAAGGGGTTGGAGTGGGTAGGATTAATTAGAAACAAAGCTGATGGTGAGACAACAGACTATGCTGCATCTGTGAAA...GGCAGATTCACCATCTCCAGAGATGATTCGAAAAGCATCACCTATCTGCAAATGAACAACCTGAAAACCGAGGACACGGCCGTGTATTACTGTGCGACGA,0,0,"","","","",New source,,FALSE,,IGHV3-AFW*01_S5230,"",IGHV3-AFW*01_S5230,
IGHV4-AFI*01_S3034,"",IGHV,IGH,CAGCTGCAGCTGCAGGAGTCGGGCCCAGGACTGGTGAAGCCTTCGGAGACCCTGTCCCTCACCTGCGCTGTCTCTGGTGGCTCCATCAGCAGTAGTAACTGGTGGAGCTGGATCCGCCAGCCCCCAGGGAAGGGACTGGAGTGGATTGGACGTATCTCTGGTAGTGGTGGGAGCACCAGCGACAACCCCTCCCTCAAGAGTCGAGTCACCATTTCAAAAGACACGTCCAAGAACCAGCTCTCCCTGAAGCTGAGCTCTGTGACCGCCGCGGACACGGCCGTGTATTACTGTGCGAGAAA,CAGCTGCAGCTGCAGGAGTCGGGCCCA...GGACTGGTGAAGCCTTCGGAGACCCTGTCCCTCACCTGCGCTGTCTCTGGTGGCTCCATCAGC.........AGTAGTAACTGGTGGAGCTGGATCCGCCAGCCCCCAGGGAAGGGACTGGAGTGGATTGGACGTATCTCTGGTAGT......GGTGGGAGCACCAGCGACAACCCCTCCCTCAAG...AGTCGAGTCACCATTTCAAAAGACACGTCCAAGAACCAGCTCTCCCTGAAGCTGAGCTCTGTGACCGCCGCGGACACGGCCGTGTATTACTGTGCGAGAAA,0,0,"","","","",New source,,FALSE,,IGHV4-AFI*01_S3034,"",IGHV4-AFI*01_S3034,
IGHV4-ABB-S*01_S3598,"",IGHV,IGH,CAGGTGCAGCTGCAGGAGTCGGGCCCAGGACTGGTGAAGCCTTCGGAGACCCTGTCCCTCACCTGCGCTGTCTCTGGTGGCTCCATCAGCGATTACTACTACTGGAACTGGATCCGCCAACCCCCAGGGAAGGGGCTGGAGTGGATTGGGAATATCTATGGTAATAGTGCGAGCACCTACTACAACCCCTCCCTCAAGAGTCGAGTCACCATTTCAAAAGACACGTCCAAGAACCAGTTCTTCCTGAAGCTGAGCTCTGTGACCGCCGCGGACACCGCCGTGTATTACTGTGCGAGAAA,CAGGTGCAGCTGCAGGAGTCGGGCCCA...GGACTGGTGAAGCCTTCGGAGACCCTGTCCCTCACCTGCGCTGTCTCTGGTGGCTCCATCAGC.........GATTACTACTACTGGAACTGGATCCGCCAACCCCCAGGGAAGGGGCTGGAGTGGATTGGGAATATCTATGGTAAT......AGTGCGAGCACCTACTACAACCCCTCCCTCAAG...AGTCGAGTCACCATTTCAAAAGACACGTCCAAGAACCAGTTCTTCCTGAAGCTGAGCTCTGTGACCGCCGCGGACACCGCCGTGTATTACTGTGCGAGAAA,0,0,"","","","",New source,,FALSE,,IGHV4-ABB-S*01_S3598,"",IGHV4-ABB-S*01_S3598,
IGHV3-ABY-S*03_S1454,"",IGHV,IGH,GAGGTGCAACTGGTGGAGTTTGGGGGAGGCTTGGTCCAGCCTGGGGGATCCCTGAGACTCTCCTGTGCAGCCTCCGGATTCACGGCCAGTGACTACTATATGTACTGGATTCGCCAGGCTCCAGGAGCGGGGCTGGAATGGCTGGGTTTCATTAGAAGCAAAGGAAATGGTGGGACAGAACAATATGCCGCGTCTGTGAGAGGCAGATTCTCCATTTCCAGAGATGATTCCAATAACATCGCCTATCTCCAAATGAGCAGCCTGAAAACCGACGACACGGCCGTGTATTACTGTACTAGGGA,GAGGTGCAACTGGTGGAGTTTGGGGGA...GGCTTGGTCCAGCCTGGGGGATCCCTGAGACTCTCCTGTGCAGCCTCCGGATTCACGGCC............AGTGACTACTATATGTACTGGATTCGCCAGGCTCCAGGAGCGGGGCTGGAATGGCTGGGTTTCATTAGAAGCAAAGGAAATGGTGGGACAGAACAATATGCCGCGTCTGTGAGA...GGCAGATTCTCCATTTCCAGAGATGATTCCAATAACATCGCCTATCTCCAAATGAGCAGCCTGAAAACCGACGACACGGCCGTGTATTACTGTACTAGGGA,0,0,"","","","",New source,,FALSE,,IGHV3-ABY-S*03_S1454,"",IGHV3-ABY-S*03_S1454,
IGHV4-AFB-S*01_S6345,"",IGHV,IGH,CAGGTGCAGCTGCAGCAGTGGGGCGAAGGACTGGTGAAGCCTTCGGAGACCCTGTCCCTCACCTGCGCTGTCTATGGTGGCTCCATCAGCGGTTACTACTACTGGAGCTGGATCCGCCAGCCCCCAGGGAAGGGACTGGAGTGGATTGGGAATATTGATGGTAATAGTGCGAGCACCAACTACAACCCCTCCCTCAAGAATCGAGTCACCATTTCAAAAGACACGTCCAAGAACCAGTTCTCCCTGAAGCTGAGCTCTGTGACCGCCGCGGACACGGCCGTGTATTACTGTGCGAGAGA,CAGGTGCAGCTGCAGCAGTGGGGCGAA...GGACTGGTGAAGCCTTCGGAGACCCTGTCCCTCACCTGCGCTGTCTATGGTGGCTCCATCAGC.........GGTTACTACTACTGGAGCTGGATCCGCCAGCCCCCAGGGAAGGGACTGGAGTGGATTGGGAATATTGATGGTAAT......AGTGCGAGCACCAACTACAACCCCTCCCTCAAG...AATCGAGTCACCATTTCAAAAGACACGTCCAAGAACCAGTTCTCCCTGAAGCTGAGCTCTGTGACCGCCGCGGACACGGCCGTGTATTACTGTGCGAGAGA,0,0,"","","","",New source,,FALSE,,IGHV4-AFB-S*01_S6345,"",IGHV4-AFB-S*01_S6345,
IGKV3-ADN*01_S8157,"",IGKV,IGK,GAAATTGTGCTGACCCAGTCTCCAACATCCATGGCTGTCTCCCAAGGAGAAAGAGTCACCATCTCCTGCACGGCCAGCTCAAGTGTAAGCACCAGCTACTTGCACTGGTACCAACAGAAGCCAGGATTCCCTCCAAGGCTTCTTGTCTATAGAACATCAAGTCTGGCTTCTGGGGTCCCAGCCAGGTTCAGTGGCAGCGGTTCTGGGACCTCTTACACGCTCACAATCAGCAGCATGGAGGCTGAAGATGCTGCAAACTATTACTGTCAGCAGGGGAATAAC,GAAATTGTGCTGACCCAGTCTCCAACATCCATGGCTGTCTCCCAAGGAGAAAGAGTCACCATCTCCTGCACGGCCAGCTCAAGTGTA...............AGCACCAGCTACTTGCACTGGTACCAACAGAAGCCAGGATTCCCTCCAAGGCTTCTTGTCTATAGA.....................ACATCAAGTCTGGCTTCTGGGGTC...CCAGCCAGGTTCAGTGGCAGC......GGTTCTGGGACCTCTTACACGCTCACAATCAGCAGCATGGAGGCTGAAGATGCTGCAAACTATTACTGTCAGCAGGGGAATAAC,0,0,"","","","",New source,,FALSE,,IGKV3-ADN*01_S8157,"",IGKV3-ADN*01_S8157,
IGLV3-AAB*03_S2426,"",IGLV,IGL,TCCTCCGGTCTGACTCAGGAGCCTGCATTGTCTGTGGCCTTGGGACATACAGTCAGCATGACCTGCCAAGGAGACAGCCTCAAAACCTATTATGCAAGCTGGTACCAGCAGAAGCCAGGCCAGGTCCCTGTGCTGGTCGTCTATGGTAACAACTACCGGCCCTCAGGGATCCCAGAGCGATTCTCTGGCTCCTGGTCAGGAAACACAGGTTCCTTGACCATCACTGCGGCTCAGGTGGAAGATGAGGCTGACTATTACTGTAACTCCTGGGACAGCAGCGGTACCCATCC,TCCTCCGGTCTGACTCAGGAGCCTGCATTGTCTGTGGCCTTGGGACATACAGTCAGC...ATGACCTGCCAAGGAGACAGCCTCAAA..................ACCTATTATGCAAGCTGGTACCAGCAGAAGCCAGGCCAGGTCCCTGTGCTGGTCGTCTATGGTAAC.....................AACTACCGGCCCTCAGGGATCCCA...GAGCGATTCTCTGGCTCCTGG......TCAGGAAACACAGGTTCCTTGACCATCACTGCGGCTCAGGTGGAAGATGAGGCTGACTATTACTGTAACTCCTGGGACAGCAGCGGTACCCATCC,0,0,"","","","",New source,,FALSE,,IGLV3-AAB*03_S2426,"",IGLV3-AAB*03_S2426,
IGHV4-ACQ-S*01_S1825,"",IGHV,IGH,CAGGTGCAGCTGCAGGAGTCGGGCCCAGGACTGGTGAAGCCTTCGGAGACCCTGTCCCTCACCTGCACTGTCTCTGGTGCCTCCATCAGTAGTTACTGGTGGAGCTGGATCCGCCAGCCCCCAGGGAAGGGACTGGAGTGGATTGGGGAGATCAATGGTAATAGTGGGAGCACCAACTACAACCCCTCCCTCAAGAGTCGAGTCACCATTTCAAAAGACACGTCCAAGAACCAGTTCTCCCTGAAGCTGAGCTCTGTGACCGCCGCGGACACGGCCGTGTATTACTGTGCGAGAGA,CAGGTGCAGCTGCAGGAGTCGGGCCCA...GGACTGGTGAAGCCTTCGGAGACCCTGTCCCTCACCTGCACTGTCTCTGGTGCCTCCATC............AGTAGTTACTGGTGGAGCTGGATCCGCCAGCCCCCAGGGAAGGGACTGGAGTGGATTGGGGAGATCAATGGTAAT......AGTGGGAGCACCAACTACAACCCCTCCCTCAAG...AGTCGAGTCACCATTTCAAAAGACACGTCCAAGAACCAGTTCTCCCTGAAGCTGAGCTCTGTGACCGCCGCGGACACGGCCGTGTATTACTGTGCGAGAGA,0,0,"","","","",New source,,FALSE,,IGHV4-ACQ-S*01_S1825,"",IGHV4-ACQ-S*01_S1825,
IGHV1-AGS*01_S4319,"",IGHV,IGH,GAGGTCCAGCTGGTACAGTCTGGGGCTGAGGTGAAGAAGCCTGGGGCCTCCGTGAAAATCTCCTGCAAGGCTTCTGGATACACCTTCACCGACTACTACCTGCACTGGGTGCGACAGGCTCCTGGAAAAGGGCTTGAGTGGATGGGACGTGTTGATCCTGAAGATGGTGAAGCAGACTACGCACAGAAGTTCCAGGACAGAGTCACCATCACCAGGGACACGTCTACAGACACAGCCTACATGGAGCTGAGCAGCCTGAGATCTGAGGACACGGCCGTGTATTACTGTGCAAGAGA,GAGGTCCAGCTGGTACAGTCTGGGGCT...GAGGTGAAGAAGCCTGGGGCCTCCGTGAAAATCTCCTGCAAGGCTTCTGGATACACCTTC............ACCGACTACTACCTGCACTGGGTGCGACAGGCTCCTGGAAAAGGGCTTGAGTGGATGGGACGTGTTGATCCTGAA......GATGGTGAAGCAGACTACGCACAGAAGTTCCAG...GACAGAGTCACCATCACCAGGGACACGTCTACAGACACAGCCTACATGGAGCTGAGCAGCCTGAGATCTGAGGACACGGCCGTGTATTACTGTGCAAGAGA,0,0,"","","","",New source,,FALSE,,IGHV1-AGS*01_S4319,"",IGHV1-AGS*01_S4319,
IGHV4-AFU-U*01_S5443,"",IGHV,IGH,CAGGTGCAGCTGCAGGAGTCGGGCCCAGCAGTGGTGAAGCCTTCGGAGACCCTGTCCCTCACCTGCGCTGTCTCTGGTGGCTCCATCAGCAGTAGTAACTGGTGGAGCTGGATCCGCCAGTCCCCAGGGAAGGGGCTGGAATGGATTGGGGGTATCTATGGTAGTGGTGGGAGCACCGAATACAACCCCTCCCTCAAGAGTCGAGTCACCATTTCAAAAGACACGTCCAAGAATCAGTTCTCCCTGAAGCTGAGCTCTGTGACCGCCGCGGACACGGCCGTGTATTACTGTGCGAGACA,CAGGTGCAGCTGCAGGAGTCGGGCCCA...GCAGTGGTGAAGCCTTCGGAGACCCTGTCCCTCACCTGCGCTGTCTCTGGTGGCTCCATCAGC.........AGTAGTAACTGGTGGAGCTGGATCCGCCAGTCCCCAGGGAAGGGGCTGGAATGGATTGGGGGTATCTATGGTAGT......GGTGGGAGCACCGAATACAACCCCTCCCTCAAG...AGTCGAGTCACCATTTCAAAAGACACGTCCAAGAATCAGTTCTCCCTGAAGCTGAGCTCTGTGACCGCCGCGGACACGGCCGTGTATTACTGTGCGAGACA,0,0,"","","","",New source,,FALSE,,IGHV4-AFU-U*01_S5443,"",IGHV4-AFU-U*01_S5443,
IGHV1-AHF-X*02_S4329,"",IGHV,IGH,CAGGTCCAGCTGGTGCAATCCGGGGCTGAGGTGAAGAAGCCTGGGGCCTCAGTGAAGCTCTCCTGCAAGGCTTCCGGTTATACTTTTACCAGCTACAGTATAAACTGGGTGAGACAGGCCCCTGGACAAGGACTTGAGTGGATGGGATGGATTAACCCTAGCAATGGTAATACAGGCTACGCACAGAAGTTCCAGGGCAGAGTCACCATGACCAGGGACACGTCCACGAGTACAGCCTACATGGAGCTGAGCAGCCTGAGATCTGAGGACACGGCCGTGTATTACTGTGCAAGAGA,CAGGTCCAGCTGGTGCAATCCGGGGCT...GAGGTGAAGAAGCCTGGGGCCTCAGTGAAGCTCTCCTGCAAGGCTTCCGGTTATACTTTT............ACCAGCTACAGTATAAACTGGGTGAGACAGGCCCCTGGACAAGGACTTGAGTGGATGGGATGGATTAACCCTAGC......AATGGTAATACAGGCTACGCACAGAAGTTCCAG...GGCAGAGTCACCATGACCAGGGACACGTCCACGAGTACAGCCTACATGGAGCTGAGCAGCCTGAGATCTGAGGACACGGCCGTGTATTACTGTGCAAGAGA,0,0,"","","","",New source,,FALSE,,IGHV1-AHF-X*02_S4329,"",IGHV1-AHF-X*02_S4329,
IGHV4-ABB-S*01_S1055,"",IGHV,IGH,CAGGTGCAGCTGCAGGAGTCGGGCCCAGGACTGGTGAAGCCTTCGGAGACCCTGTCCCTCACCTGCGCTGTCTCTGGTGGCTCCATCAGCGGTTACTGGTGGGGCTGGATCCGCCAGCCCCCAGGGAAGGGGCTGGAGTGGATTGGGTATATCGGTGGTAGTAGTGGGAGCACCTACTACAACCCCTCCCTCAAGAGTCGAGTCACCATTTCAACAGACACGTCCAAGAACCAGTTCTCCCTGAAGCTGAGCTCTGTGACCGCCGCGGACACGGCCGTGTATTACTGTGCGAGAA,CAGGTGCAGCTGCAGGAGTCGGGCCCA...GGACTGGTGAAGCCTTCGGAGACCCTGTCCCTCACCTGCGCTGTCTCTGGTGGCTCCATC............AGCGGTTACTGGTGGGGCTGGATCCGCCAGCCCCCAGGGAAGGGGCTGGAGTGGATTGGGTATATCGGTGGTAGT......AGTGGGAGCACCTACTACAACCCCTCCCTCAAG...AGTCGAGTCACCATTTCAACAGACACGTCCAAGAACCAGTTCTCCCTGAAGCTGAGCTCTGTGACCGCCGCGGACACGGCCGTGTATTACTGTGCGAGAA,0,0,"","","","",New source,,FALSE,,IGHV4-ABB-S*01_S1055,"",IGHV4-ABB-S*01_S1055,
IGHV4-AFI*01_S4261,"",IGHV,IGH,CAGGTGCAGCTGCAGGAGTCGGGCCCAGGACTGGTGAAGCCTTCGGAGACCCTGTCCCTCACCTGCACTGTCTCTGGTGGCTCCATCAGCGATAGTTACTACTGGAACTGGATCCGCCAACCCCCAGGGAAGGGACTGGAGTGGATGGGACGTATCTATGGTAGTGGTGGGAGCACCAGCTACAACCCCTCCCTAAAGAGTCGAGTCACCATTTCAAAAGACACGTCCAAGAACCAGTTCTCCCTGAAGCTGAGCTCTGTGACCGCCGCGGACACGGCCGTGTATTACTGTGCGAGAAA,CAGGTGCAGCTGCAGGAGTCGGGCCCA...GGACTGGTGAAGCCTTCGGAGACCCTGTCCCTCACCTGCACTGTCTCTGGTGGCTCCATCAGC.........GATAGTTACTACTGGAACTGGATCCGCCAACCCCCAGGGAAGGGACTGGAGTGGATGGGACGTATCTATGGTAGT......GGTGGGAGCACCAGCTACAACCCCTCCCTAAAG...AGTCGAGTCACCATTTCAAAAGACACGTCCAAGAACCAGTTCTCCCTGAAGCTGAGCTCTGTGACCGCCGCGGACACGGCCGTGTATTACTGTGCGAGAAA,0,0,"","","","",New source,,FALSE,,IGHV4-AFI*01_S4261,"",IGHV4-AFI*01_S4261,
IGHV3-ADU*04_S2904,"",IGHV,IGH,GAGGTGCAGCTGGTGGAGTCTGGGGGAGGCTTGGTCCAGCCTGGAGGGTCCCTGAGACTCTCCTGTGCAGCCTCTGGATTCACCGTTAGCAGCTACTGGATGAGCTGGGTCCGCCAGGCTCCGGTAAAGGGGCTGGAGTGGCTTTCAGACATTTATGGTAGTACCATGTACTACGGAGACTCTGTGAAGGGCCGATTCACCGTCTCCAGAGACAATGCCAAGAACTCGCTGTATCTGCAAATGAACAGCCTGAAAACCGAGGACACGGCCGTGTATTACTGTGCTAGAGA,GAGGTGCAGCTGGTGGAGTCTGGGGGA...GGCTTGGTCCAGCCTGGAGGGTCCCTGAGACTCTCCTGTGCAGCCTCTGGATTCACCGTT............AGCAGCTACTGGATGAGCTGGGTCCGCCAGGCTCCGGTAAAGGGGCTGGAGTGGCTTTCAGACATTTATGGT............AGTACCATGTACTACGGAGACTCTGTGAAG...GGCCGATTCACCGTCTCCAGAGACAATGCCAAGAACTCGCTGTATCTGCAAATGAACAGCCTGAAAACCGAGGACACGGCCGTGTATTACTGTGCTAGAGA,0,0,"","","","",New source,,FALSE,,IGHV3-ADU*04_S2904,"",IGHV3-ADU*04_S2904,
IGKV1-ACE*01_S2218,"",IGKV,IGK,GACATCCAGATGACCCAGTCTCCATCTTCCTTATCTGCTTCTGTAGGAGACAGAGTCACCATCACTTGTCGGGCTAGTCAGACCATTAGCAGTTATTTAGCTTGGTATCAGCAGAAACCAGGGAAAGTCCCTAAGCTCCTGATCTATGCTGCATCCATTCTGGAAAATGGGGTCCCATCTCGGTTCAGCGGCAGCGGATCTGGGGCAGAATTCACTCTCACCATCAGCAGCCTGCAGCCTGAAGATTTTGCGACTTATTACTGTCAACAGCATGATAGTCACCC,GACATCCAGATGACCCAGTCTCCATCTTCCTTATCTGCTTCTGTAGGAGACAGAGTCACCATCACTTGTCGGGCTAGTCAGACCATT..................AGCAGTTATTTAGCTTGGTATCAGCAGAAACCAGGGAAAGTCCCTAAGCTCCTGATCTATGCTGCA.....................TCCATTCTGGAAAATGGGGTCCCA...TCTCGGTTCAGCGGCAGCGGA......TCTGGGGCAGAATTCACTCTCACCATCAGCAGCCTGCAGCCTGAAGATTTTGCGACTTATTACTGTCAACAGCATGATAGTCACCC,0,0,"","","","",New source,,FALSE,,IGKV1-ACE*01_S2218,"",IGKV1-ACE*01_S2218,
IGKV3-ADN*01_S3452,"",IGKV,IGK,GAAATTGTGCTGACCCAGTCTCCAACATCCATGGCTGTCTCCCAAGGAGAAAGAGTCACCATCTCCTGCACGGCCAGCTCAAGTGTAAGCACCAGCTACTTGCACTGGTACCAACAGAAGCCAGGATTCCCTCCAAGGCTTCTTGTCTATAGAACATCAAGTCTGGCTTCTGGAGTCCCAGCCAGGTTCAGTGGCAGCGGTTCTGGGACCTCTTACACGCTCACAATCAGCAGCATGGAGGCTGAAGATGCTGCAAACTATTACTGTCAGCAGGAGAATAACT,GAAATTGTGCTGACCCAGTCTCCAACATCCATGGCTGTCTCCCAAGGAGAAAGAGTCACCATCTCCTGCACGGCCAGCTCAAGTGTAAGC...............ACCAGCTACTTGCACTGGTACCAACAGAAGCCAGGATTCCCTCCAAGGCTTCTTGTCTATAGAACA.....................TCAAGTCTGGCTTCTGGAGTCCCA...GCCAGGTTCAGTGGCAGCGGT......TCTGGGACCTCTTACACGCTCACAATCAGCAGCATGGAGGCTGAAGATGCTGCAAACTATTACTGTCAGCAGGAGAATAACT,0,0,"","","","",New source,,FALSE,,IGKV3-ADN*01_S3452,"",IGKV3-ADN*01_S3452,
IGKV1-AAD-S*01_S6577,"",IGKV,IGK,GACATCCAGATGACCCAGTCTCCATCCTCCCTGTCTGCATCTGTAGGAGACAAAGTCACCATCACTTGCCGAGCCAGTCAGGGTATTAGCAGCTGGTTAGCCTGGTATCAGCAGAAACCAGGGAAAGCCCCTAAGCCCCTGATCTATAAGGCATCCAGTTTGCAAAGTGGGGTCCCTTCAAGGTTCAGCGGCAGTGGATCTGGGACAGATTTCACTCTCACCATCAGCAGCCTGCAGCCTGAAGATTTTGCAACTTATTACTGTCAACAGTATAGTAGTTACCCTC,GACATCCAGATGACCCAGTCTCCATCCTCCCTGTCTGCATCTGTAGGAGACAAAGTCACCATCACTTGCCGAGCCAGTCAGGGTATT..................AGCAGCTGGTTAGCCTGGTATCAGCAGAAACCAGGGAAAGCCCCTAAGCCCCTGATCTATAAGGCA.....................TCCAGTTTGCAAAGTGGGGTCCCT...TCAAGGTTCAGCGGCAGTGGA......TCTGGGACAGATTTCACTCTCACCATCAGCAGCCTGCAGCCTGAAGATTTTGCAACTTATTACTGTCAACAGTATAGTAGTTACCCTC,0,0,"","","","",New source,,FALSE,,IGKV1-AAD-S*01_S6577,"",IGKV1-AAD-S*01_S6577,
IGLV3-AEC-X*01_S8919,"",IGLV,IGL,TCCTATGGGCTGACACAGCCACCCTCAGTGTCAGTGTCCCCAGGACAGACGGCCAGGATCACCTGCTCTGGAGAAATATTGGCAAAAAGATTTACTCAATGGTTCCAGCAGAAGCCAGGCCAGGCCCCTGTGTTGGTGATATATAAAGACAGTGAGAGGCCCTCAGGGATCCCTGAGCGATTCTCTAGCTCCAGTTCAGGGACAACAGTTACCTTGACCATCAGTGGGGCCCAGGCAGAAGATGAGGCTGACTATTACTGTCAATCAGCAGACGACACTGCTAATCATCC,TCCTATGGGCTGACACAGCCACCCTCAGTGTCAGTGTCCCCAGGACAGACGGCCAGG...ATCACCTGCTCTGGAGAAATATTGGCA..................AAAAGATTTACTCAATGGTTCCAGCAGAAGCCAGGCCAGGCCCCTGTGTTGGTGATATATAAAGAC.....................AGTGAGAGGCCCTCAGGGATCCCT...GAGCGATTCTCTAGCTCCAGT......TCAGGGACAACAGTTACCTTGACCATCAGTGGGGCCCAGGCAGAAGATGAGGCTGACTATTACTGTCAATCAGCAGACGACACTGCTAATCATCC,0,0,"","","","",New source,,FALSE,,IGLV3-AEC-X*01_S8919,"",IGLV3-AEC-X*01_S8919,
IGHV4-AFI*01_S2065,"",IGHV,IGH,CAGGTGCAACTGCAGGAGTCGGGCCCAGGACTGGTGAAGCCTTCGGAGACCCTGTCCCTCACCTGCGCTGTCTCTGGTGGCTCCATCAGTAGTAGTAACTGGTGGAGCTGGATCCGCCAGCCCCCAGGGAAGGGACTGGAGTGGATTGGACGTATCTCTGGTAGTGGTGGGAGCACCAGCGACAACCCCTCCCTCAAGAGTCGAGTCACCATTTCAAAAGACACGTCCAAGAATCAGTTCTCCCTGAAGCTGAGCTCTGTGACCGCCGCGGACACGGCCGTGTATTACTGTGCGAGAA,CAGGTGCAACTGCAGGAGTCGGGCCCA...GGACTGGTGAAGCCTTCGGAGACCCTGTCCCTCACCTGCGCTGTCTCTGGTGGCTCCATCAGT.........AGTAGTAACTGGTGGAGCTGGATCCGCCAGCCCCCAGGGAAGGGACTGGAGTGGATTGGACGTATCTCTGGTAGT......GGTGGGAGCACCAGCGACAACCCCTCCCTCAAG...AGTCGAGTCACCATTTCAAAAGACACGTCCAAGAATCAGTTCTCCCTGAAGCTGAGCTCTGTGACCGCCGCGGACACGGCCGTGTATTACTGTGCGAGAA,0,0,"","","","",New source,,FALSE,,IGHV4-AFI*01_S2065,"",IGHV4-AFI*01_S2065,
IGHV4-AGU*01_S7841,"",IGHV,IGH,CAGGTTCAGTTACAAGAGGCGGGCCCAGGACTGGTGAAGCCTTCGGAGACCCTGTCCCTCACCTGCGCTGTCTCTGGCTTCTCCATCAACAGTGGTCATGGCTGGACCTGGATCCGCCAGCCCCCAGGGAAGGGGCTTGAGTGGATTGGGTCTATCGGCGGTAGTGATGACAACACCCACTACAATGCCTCCCTCAGGAGTCGAGTCACCATTTCAAAAGACACGTCCACTAATCACTTCTCCCTGAACCTGAGGTCTGTGACCGCCGCGGACACGGCCGTATACTACTGCACGAGAGA,CAGGTTCAGTTACAAGAGGCGGGCCCA...GGACTGGTGAAGCCTTCGGAGACCCTGTCCCTCACCTGCGCTGTCTCTGGCTTCTCCATCAAC.........AGTGGTCATGGCTGGACCTGGATCCGCCAGCCCCCAGGGAAGGGGCTTGAGTGGATTGGGTCTATCGGCGGTAGT......GATGACAACACCCACTACAATGCCTCCCTCAGG...AGTCGAGTCACCATTTCAAAAGACACGTCCACTAATCACTTCTCCCTGAACCTGAGGTCTGTGACCGCCGCGGACACGGCCGTATACTACTGCACGAGAGA,0,0,"","","","",New source,,FALSE,,IGHV4-AGU*01_S7841,"",IGHV4-AGU*01_S7841,
IGHV3-AEF*01_S5105,"",IGHV,IGH,GAGGTGCAGCTGGTGGAGTCTGGGGGAGGCTTGGTGCAGCCTGGGGGGTCCCTGAGACTCTCCTGTGCAGCCTCTGGATTCACCTTCAGTAGCTACTACATGCACTGGGTCCGCCAGGCTCAAGGGAAAGGGCTAGAGTGGGTGGGTTTAATAAGAAACAAAGCTAACAGTTACACGACAGAATATGCTGCGGCTGTGAAGGGCAGATTCACCATCTCAAGAGATGATTCAAAGAACACGCTGTATCTGCAAATGAGCAGCCTGAAAACCGAGGACGCAGCCGTGTATTACTGTACCAAACA,GAGGTGCAGCTGGTGGAGTCTGGGGGA...GGCTTGGTGCAGCCTGGGGGGTCCCTGAGACTCTCCTGTGCAGCCTCTGGATTCACCTTC............AGTAGCTACTACATGCACTGGGTCCGCCAGGCTCAAGGGAAAGGGCTAGAGTGGGTGGGTTTAATAAGAAACAAAGCTAACAGTTACACGACAGAATATGCTGCGGCTGTGAAG...GGCAGATTCACCATCTCAAGAGATGATTCAAAGAACACGCTGTATCTGCAAATGAGCAGCCTGAAAACCGAGGACGCAGCCGTGTATTACTGTACCAAACA,0,0,"","","","",New source,,FALSE,,IGHV3-AEF*01_S5105,"",IGHV3-AEF*01_S5105,
IGHV4-ABB-S*01_S3598,"",IGHV,IGH,CAGGTGCAGCTGCAGGAGTCGGGCCCAGGACTGGTGAAGCCTTCGGAGACCCTGTCCCTCACCTGCGCTGTCTCTGGTGGCTCCATCAGCGATTACTACTACTGGAACTGGATCCGCCAACCCCCAGGGAAGGGGCTGGAGTGGATTGGGAATATCTATGGTAATAGTGCGAGCACCTACTACAACCCCTCCCTCAAGAGTCGAGTCACCATTTCAAAAGACACGTCCAAGAACCAGTTCTTCCTGAAGCTGAGCTCTGTGACCGCCGCGGACACCGCCGTGTATTACTGTGCGAGAAA,CAGGTGCAGCTGCAGGAGTCGGGCCCA...GGACTGGTGAAGCCTTCGGAGACCCTGTCCCTCACCTGCGCTGTCTCTGGTGGCTCCATCAGC.........GATTACTACTACTGGAACTGGATCCGCCAACCCCCAGGGAAGGGGCTGGAGTGGATTGGGAATATCTATGGTAAT......AGTGCGAGCACCTACTACAACCCCTCCCTCAAG...AGTCGAGTCACCATTTCAAAAGACACGTCCAAGAACCAGTTCTTCCTGAAGCTGAGCTCTGTGACCGCCGCGGACACCGCCGTGTATTACTGTGCGAGAAA,0,0,"","","","",New source,,FALSE,,IGHV4-ABB-S*01_S3598,"",IGHV4-ABB-S*01_S3598,
IGHV1-AGS*02_S7362,"",IGHV,IGH,GAGGTCCAGCTGGTGCAGTCTGGGGCTGAGGTGAAGAAGCCTGGGGCCTCCGTGAAAATCTCCTGCAAGGCTTCTGGATACACCTTCACCGACTACTACCTGCACTGGGTGCGACAGGCTCCAGGAAAAGGGCTTGAATGGATGGGACGTGTTGATCCTGAGGATGGTGAAGCAATACACGCACAGAAGTTCCAGGACAGAGTCACCATTACCGCGGACACGTCTACAGACACAGCCTACATGGAGCTGAACAGCCTGACATCTGAGGACACGGCCGTATATTACTGTTCAACAG,GAGGTCCAGCTGGTGCAGTCTGGGGCT...GAGGTGAAGAAGCCTGGGGCCTCCGTGAAAATCTCCTGCAAGGCTTCTGGATACACCTTC............ACCGACTACTACCTGCACTGGGTGCGACAGGCTCCAGGAAAAGGGCTTGAATGGATGGGACGTGTTGATCCTGAG......GATGGTGAAGCAATACACGCACAGAAGTTCCAG...GACAGAGTCACCATTACCGCGGACACGTCTACAGACACAGCCTACATGGAGCTGAACAGCCTGACATCTGAGGACACGGCCGTATATTACTGTTCAACAG,0,0,"","","","",New source,,FALSE,,IGHV1-AGS*02_S7362,"",IGHV1-AGS*02_S7362,
IGHV3-AFR*01_S4858,"",IGHV,IGH,GAGGTGCAACTGGTGGAGTCTGGAGGAGGCTTGGCTCAGCCGGGGGGGTCCCTGAGACTCTCCTGTGCAGCCTCTGGATTCACCTTCAGTAACTTTGGCCTACACTGGGTCCGCCCGGCTCCAGGGAAGGGGCTGGAGTGGGTGGCAGTGATATGGCCTGATGGAAATACGAAACAGTACGCAGACTCTGTGAAGGACCGATTCACCATCTCCAGAGACAATTCCAAGAACATGCTATATCTTCAAATGAACAACCTGAAATTGGAGGACACGGCCGTGTATTACTGTGTGAGAGA,GAGGTGCAACTGGTGGAGTCTGGAGGA...GGCTTGGCTCAGCCGGGGGGGTCCCTGAGACTCTCCTGTGCAGCCTCTGGATTCACCTTC............AGTAACTTTGGCCTACACTGGGTCCGCCCGGCTCCAGGGAAGGGGCTGGAGTGGGTGGCAGTGATATGGCCTGAT......GGAAATACGAAACAGTACGCAGACTCTGTGAAG...GACCGATTCACCATCTCCAGAGACAATTCCAAGAACATGCTATATCTTCAAATGAACAACCTGAAATTGGAGGACACGGCCGTGTATTACTGTGTGAGAGA,0,0,"","","","",New source,,FALSE,,IGHV3-AFR*01_S4858,"",IGHV3-AFR*01_S4858,
IGHV4-ADG-U*01_S8328,"",IGHV,IGH,CAGGTACAGCTGAAGGAGTCAGGCCCAGGACTGGTGAAGCCTTCGGAGACCCTGTCCCTCACCTGCGCTGTCTCTGGTGGCTCCATCAGCAGTGGTTATGCCTGGGGCTGGATCCGCCAGCCCCCAGGGAAGGGTCTGGAGTGGATTCTGACTATCTTTGGTAATACGGGGAACACCTACTACGACCCCTCCCTCAGGAGTCGGGTCACCATTTCAAAAGACACATCCAAGAACCAGTTCTCCCTGAATCTGAGCTCTGTGACCGCCGCGGACACGGCCGTGTATTACTGTGCGAGAGA,CAGGTACAGCTGAAGGAGTCAGGCCCA...GGACTGGTGAAGCCTTCGGAGACCCTGTCCCTCACCTGCGCTGTCTCTGGTGGCTCCATCAGC.........AGTGGTTATGCCTGGGGCTGGATCCGCCAGCCCCCAGGGAAGGGTCTGGAGTGGATTCTGACTATCTTTGGTAAT......ACGGGGAACACCTACTACGACCCCTCCCTCAGG...AGTCGGGTCACCATTTCAAAAGACACATCCAAGAACCAGTTCTCCCTGAATCTGAGCTCTGTGACCGCCGCGGACACGGCCGTGTATTACTGTGCGAGAGA,0,0,"","","","",New source,,FALSE,,IGHV4-ADG-U*01_S8328,"",IGHV4-ADG-U*01_S8328,
IGHV2-AEY-S*01_S8390,"",IGHV,IGH,CAGGTGACCTTGAAGGAGTCTGGTCCTGCGCTGGTGAAACCCACACAGACCCTCACGCTGACCTGCACCTTCTCTGGGTTCTCACTCAGCACTGGTGGTGTGGGTGTGGGCTGGATCCGTCAGCCCCCAGGGAAGGCCCTGGAATGGCTTACAAGCATTTATTGGGATGATGATAAATACTACAACACATCTCTAAAGAGCAGGCTCACCATCTCCAAGGACACCTCCGAGAACCAGGTGGTTCTCGGAATGACCAACATGGTCCCTGTGGACACAGCCACATATTTCTGTGCGCGGGTAC,CAGGTGACCTTGAAGGAGTCTGGTCCT...GCGCTGGTGAAACCCACACAGACCCTCACGCTGACCTGCACCTTCTCTGGGTTCTCACTCAGC......ACTGGTGGTGTGGGTGTGGGCTGGATCCGTCAGCCCCCAGGGAAGGCCCTGGAATGGCTTACAAGCATTTATTGGGAT.........GATGATAAATACTACAACACATCTCTAAAG...AGCAGGCTCACCATCTCCAAGGACACCTCCGAGAACCAGGTGGTTCTCGGAATGACCAACATGGTCCCTGTGGACACAGCCACATATTTCTGTGCGCGGGTAC,0,0,"","","","",New source,,FALSE,,IGHV2-AEY-S*01_S8390,"",IGHV2-AEY-S*01_S8390,
IGHV3-ACN*01_S2649,"",IGHV,IGH,GAGGTGCAGCTGGTAGAGTCTGGGGGAGGCTTAGTCCAGCCTGGCGGGTCCCTGAGACTCTCCTGTGCAGCCTCTGGATTCACCTTCAGTAACTACTGGATGTACTGGTTCCGCCAGGCTCCAGGGAAGGGGCTGGAGTGGGTCTCAAGTATTAGTGGTAGCGGTAATAACACATACTACCCAGACTCTGTCAAGGGCCGATTCACCATCTCCAGAGACAACGCCAAGAACACACTGTATCTGCAAATGAACAGCCTGAGAGTCGAGGACACGGCTGTCTATAACTGTGCGAGAGA,GAGGTGCAGCTGGTAGAGTCTGGGGGA...GGCTTAGTCCAGCCTGGCGGGTCCCTGAGACTCTCCTGTGCAGCCTCTGGATTCACCTTC............AGTAACTACTGGATGTACTGGTTCCGCCAGGCTCCAGGGAAGGGGCTGGAGTGGGTCTCAAGTATTAGTGGTAGC......GGTAATAACACATACTACCCAGACTCTGTCAAG...GGCCGATTCACCATCTCCAGAGACAACGCCAAGAACACACTGTATCTGCAAATGAACAGCCTGAGAGTCGAGGACACGGCTGTCTATAACTGTGCGAGAGA,0,0,"","","","",New source,,FALSE,,IGHV3-ACN*01_S2649,"",IGHV3-ACN*01_S2649,
IGHV3-ACZ*01_S7653,"",IGHV,IGH,GAGGTGCAACTGGTGCAGTCTGGGGGAGGCCTGGTCCAGGCTGGGGGTTCCCTGAGACTCTCCTGTGCAGCCTCCGGATTCACCTTTAGTAACTACTGGATGACCTGGGTCCGCCAGGCTCCAGGGAAGGGGCTGGAGTGGGTTGGATTTATTAAAAACAAAGCCGATGATGGATCAGCAGCATACGCCGAATCCGTGAAAGACAGATTCACTATGTCAAGAGATGATTCAAAGAGCACACTGTACCTGCAAATGAACAGCCTGACAACCGAGGACACGGCCGTATATTACTGTGCTAG,GAGGTGCAACTGGTGCAGTCTGGGGGA...GGCCTGGTCCAGGCTGGGGGTTCCCTGAGACTCTCCTGTGCAGCCTCCGGATTCACCTTT............AGTAACTACTGGATGACCTGGGTCCGCCAGGCTCCAGGGAAGGGGCTGGAGTGGGTTGGATTTATTAAAAACAAAGCCGATGATGGATCAGCAGCATACGCCGAATCCGTGAAA...GACAGATTCACTATGTCAAGAGATGATTCAAAGAGCACACTGTACCTGCAAATGAACAGCCTGACAACCGAGGACACGGCCGTATATTACTGTGCTAG,0,0,"","","","",New source,,FALSE,,IGHV3-ACZ*01_S7653,"",IGHV3-ACZ*01_S7653,
IGHV4-AEB*01_S6556,"",IGHV,IGH,CAGGTGCAGCTGCAGGAGTCGGGCCCAGGACTGGTGAAGCCTTCGGAGACCCTGGCCCTCAGCTGCGGTGTCTCTGGTGGCTCCTTCAGAAGTTACTGGTGGGCCTGCATCCGCCAGTCCCCAGGGAAGGGGCTGGAGTGGATTGGGACTGTCTTTGGTAGTGGTGGGACCACCGAATACAACCCCTCTATCAAAAGTCGAGCCATTATTTCAGCAGACATGTCCAAGAACCAGTTCTCCCTGAAACTGAGCTCTGTGACCGCCGCGGACACGGCCGTATATTACTGTGTGAGA,CAGGTGCAGCTGCAGGAGTCGGGCCCA...GGACTGGTGAAGCCTTCGGAGACCCTGGCCCTCAGCTGCGGTGTCTCTGGTGGCTCCTTC............AGAAGTTACTGGTGGGCCTGCATCCGCCAGTCCCCAGGGAAGGGGCTGGAGTGGATTGGGACTGTCTTTGGTAGT......GGTGGGACCACCGAATACAACCCCTCTATCAAA...AGTCGAGCCATTATTTCAGCAGACATGTCCAAGAACCAGTTCTCCCTGAAACTGAGCTCTGTGACCGCCGCGGACACGGCCGTATATTACTGTGTGAGA,0,0,"","","","",New source,,FALSE,,IGHV4-AEB*01_S6556,"",IGHV4-AEB*01_S6556,
IGHV3-ADX*01_S8579,"",IGHV,IGH,GAGGTGCAGCTGGTGGAGTCTGGGGGAGGCTTGGTCCAGCCTGGGGGGTCCCTGAGACTCTCCTGTGCAGCCTCTGGATTCACCTTTGGTGATTATGGCATACACTGGGTCCGCCAGGCTCCGGGAAAGGGACTGGAGTGGGTCTCATTCATTAGTTACACTGGTAAAACCATATACTACGCTGACTCCGTGAAGGGCCGATTCACCGTCTCCAGAGACAACGCCAAGAACTCGCTGTCTCTGCAAATGAGCAGCCTGAGAGCCGAGGACACGGCCGTGTATTACTGTACTAGAGA,GAGGTGCAGCTGGTGGAGTCTGGGGGA...GGCTTGGTCCAGCCTGGGGGGTCCCTGAGACTCTCCTGTGCAGCCTCTGGATTCACCTTT............GGTGATTATGGCATACACTGGGTCCGCCAGGCTCCGGGAAAGGGACTGGAGTGGGTCTCATTCATTAGTTACACT......GGTAAAACCATATACTACGCTGACTCCGTGAAG...GGCCGATTCACCGTCTCCAGAGACAACGCCAAGAACTCGCTGTCTCTGCAAATGAGCAGCCTGAGAGCCGAGGACACGGCCGTGTATTACTGTACTAGAGA,0,0,"","","","",New source,,FALSE,,IGHV3-ADX*01_S8579,"",IGHV3-ADX*01_S8579,
IGHV3-ACA*01_S5936,"",IGHV,IGH,GAGGTGCAGCTGGTGGAGTCTGGGGGAGGCCTGGTCCAGCCTGGCGGGTCCCTGAGACTCTCCTGTGCAGCCTCTGGATTCACCTTCAGTAGTTCTGCTATACACTGGGTCCGCCAGGCTTCTGGGAAAGGGCTGGAGTGGGTTGGACGTATTAGAGGCAAATCTAACAATTACGAGACAGGATACGCTGCGTCGGTGAAAGGCAGATTCACCATCTCCAGAGATGATTCAAAGAACACGGCGTATCTGCAAATGAACAGCCTGAAAACCGAGGACACGGCCGTGTATTACTGTGCCACAGA,GAGGTGCAGCTGGTGGAGTCTGGGGGA...GGCCTGGTCCAGCCTGGCGGGTCCCTGAGACTCTCCTGTGCAGCCTCTGGATTCACCTTC............AGTAGTTCTGCTATACACTGGGTCCGCCAGGCTTCTGGGAAAGGGCTGGAGTGGGTTGGACGTATTAGAGGCAAATCTAACAATTACGAGACAGGATACGCTGCGTCGGTGAAA...GGCAGATTCACCATCTCCAGAGATGATTCAAAGAACACGGCGTATCTGCAAATGAACAGCCTGAAAACCGAGGACACGGCCGTGTATTACTGTGCCACAGA,0,0,"","","","",New source,,FALSE,,IGHV3-ACA*01_S5936,"",IGHV3-ACA*01_S5936,
IGHV3-ADL-S*01_S8140,"",IGHV,IGH,GAGGTGCAGTTGGTGGAGTCTGGGGGCGGCTTGGCAAAGCCTGGGGGGTCCCTGAGACTCTCCTGTGCAGCCTCTGGATTCACCTTCAGTAGCTACTGGATGAATTGGGTCCGCCAGACTCCAGGGAAGGGGCTGGAGTGGATCTCAGCTGTTAGTAGTGGTGGGGGTAGCACATACTACGCAGACTCCGTGAAGGGCCGATTCTCCATCTCCAGAGACATCTCAAAGAACACGGTCTCCCTGCAAATGAACAGCCTGAGAGCTGAGGACACGGCCGTGTATTACTGTGCTAAAGA,GAGGTGCAGTTGGTGGAGTCTGGGGGC...GGCTTGGCAAAGCCTGGGGGGTCCCTGAGACTCTCCTGTGCAGCCTCTGGATTCACCTTC............AGTAGCTACTGGATGAATTGGGTCCGCCAGACTCCAGGGAAGGGGCTGGAGTGGATCTCAGCTGTTAGTAGTGGT......GGGGGTAGCACATACTACGCAGACTCCGTGAAG...GGCCGATTCTCCATCTCCAGAGACATCTCAAAGAACACGGTCTCCCTGCAAATGAACAGCCTGAGAGCTGAGGACACGGCCGTGTATTACTGTGCTAAAGA,0,0,"","","","",New source,,FALSE,,IGHV3-ADL-S*01_S8140,"",IGHV3-ADL-S*01_S8140,
IGKV3-ADU-S*01_S2308,"",IGKV,IGK,GAAATAGTGATGACGCAGTCTCCAGCCACCCTGTCTTTGTCTCCAGGGGAAAGAGCCACCCTCTCCTGCAGGGCCAGTCAGAGTGTCAGCAGCAGGTTAGCCTGGTACCAGCAGAAACCTGGGCAAGCTCCCAGGCTCCTCATCTATGATGCATCCAGCAGGGTCACTGGCATCCCAGACAGGTTCAGTGGCAGCGGGTCTGGGACAGACTTCACTCTCACCATCAGCAGCCTGGAGCCTGAAGATTTTGCAGTTTATTATTGTCAGCAGGAGAGTAACTGGTCTCA,GAAATAGTGATGACGCAGTCTCCAGCCACCCTGTCTTTGTCTCCAGGGGAAAGAGCCACCCTCTCCTGCAGGGCCAGTCAGAGTGTC..................AGCAGCAGGTTAGCCTGGTACCAGCAGAAACCTGGGCAAGCTCCCAGGCTCCTCATCTATGATGCA.....................TCCAGCAGGGTCACTGGCATCCCA...GACAGGTTCAGTGGCAGCGGG......TCTGGGACAGACTTCACTCTCACCATCAGCAGCCTGGAGCCTGAAGATTTTGCAGTTTATTATTGTCAGCAGGAGAGTAACTGGTCTCA,0,0,"","","","",New source,,FALSE,,IGKV3-ADU-S*01_S2308,"",IGKV3-ADU-S*01_S2308,
IGKV2-AEM*01_S0138,"",IGKV,IGK,GATATTGTGATGACCCAGACTCCACTCTCCCTACCCGTCACCCCTGGAGAGCCGGCCTCCATCTCCTGCAGGTCTAGTCAGAGCCTCCTGCATAGTGATGGATACACCTATTTGGACTGGTACCTGCAGAAGCCAGGCCAGTCTCCACAGCTCTTGATCTATTTGGGTTCCAACCGGGCCTCTGGAGTCCCAGACAGGTTCAGTGGCAGTGGGTCAGGCACTGATTTCACACTGAAAATCAGTCGGGTGGAGGCTGAGGATGTTGGGGTTTATTACTGCATGCAAGGTACACAGCTTCCTCC,GATATTGTGATGACCCAGACTCCACTCTCCCTACCCGTCACCCCTGGAGAGCCGGCCTCCATCTCCTGCAGGTCTAGTCAGAGCCTCCTGCATAGT...GATGGATACACCTATTTGGACTGGTACCTGCAGAAGCCAGGCCAGTCTCCACAGCTCTTGATCTATTTGGGT.....................TCCAACCGGGCCTCTGGAGTCCCA...GACAGGTTCAGTGGCAGTGGG......TCAGGCACTGATTTCACACTGAAAATCAGTCGGGTGGAGGCTGAGGATGTTGGGGTTTATTACTGCATGCAAGGTACACAGCTTCCTCC,0,0,"","","","",New source,,FALSE,,IGKV2-AEM*01_S0138,"",IGKV2-AEM*01_S0138,
IGKV2-ADC*01_S2849,"",IGKV,IGK,GATGTTGCGATGACTCAGTCTCCACTCTCCCTGCCCGTCACCCCTGGACAGCCGGCCTCCATCTCCTGCAGGTCTAGTCAGAGCCTCCTGCATGGTAATGGAAACACCTACTTGAGTTGGTTTCAGCAGAAGCCCGGTCAGTCTCCAAGGCGCCTCATTTATCAGGTTTCTAATCGGGACTCCGGGGTCCCAGACAGATTCAGCGGCAGTGGGGCAGGGACAGATTTCACACTGAAAATCAGCAGGGTGGAGGCTGAGGATGTCGGTGTTTATTACTGCATGGAAGGTACACATCATCC,GATGTTGCGATGACTCAGTCTCCACTCTCCCTGCCCGTCACCCCTGGACAGCCGGCCTCCATCTCCTGCAGGTCTAGTCAGAGCCTCCTGCATGGT...AATGGAAACACCTACTTGAGTTGGTTTCAGCAGAAGCCCGGTCAGTCTCCAAGGCGCCTCATTTATCAGGTT.....................TCTAATCGGGACTCCGGGGTCCCA...GACAGATTCAGCGGCAGTGGG......GCAGGGACAGATTTCACACTGAAAATCAGCAGGGTGGAGGCTGAGGATGTCGGTGTTTATTACTGCATGGAAGGTACACATCATCC,0,0,"","","","",New source,,FALSE,,IGKV2-ADC*01_S2849,"",IGKV2-ADC*01_S2849,
IGKV2-ADA*02_S8574,"",IGKV,IGK,GATATTGTGATGACCCAGACTCCGCTCTCCCTATCAGTCACACCTGGAGAGCCGGCCTCCATCTCCTGTAGGTCTAGTCAGAGCCTCCTGCATAGTGATGGAAGTACTTATTTGTTTTGGTACCTACAGAAGCCAGGGCAGCCTCCACGGCTCCTAATTTATAGAGTTTCCAACCGGTTCTCTGGAGTGCCAGACAGGTTCAGTGGCAGTGGATCAGGCACAGATTTCACACTGAACATCAGCCGGGTGAAGGCTGAGGATGTCGGGGTTTATTACTGCATGCAAGCTTTACAGACTCCTCC,GATATTGTGATGACCCAGACTCCGCTCTCCCTATCAGTCACACCTGGAGAGCCGGCCTCCATCTCCTGTAGGTCTAGTCAGAGCCTCCTGCATAGT...GATGGAAGTACTTATTTGTTTTGGTACCTACAGAAGCCAGGGCAGCCTCCACGGCTCCTAATTTATAGAGTT.....................TCCAACCGGTTCTCTGGAGTGCCA...GACAGGTTCAGTGGCAGTGGA......TCAGGCACAGATTTCACACTGAACATCAGCCGGGTGAAGGCTGAGGATGTCGGGGTTTATTACTGCATGCAAGCTTTACAGACTCCTCC,0,0,"","","","",New source,,FALSE,,IGKV2-ADA*02_S8574,"",IGKV2-ADA*02_S8574,
IGKV1-AEA*01_S5942,"",IGKV,IGK,GACATCCAGATGACCCAGTCTCCATCCTCCCTGTCTGCATCTGTAGGAGACAGAGTCACCATCACTTGCCGGGCGAGTCAGGGCATTAGCAATAATTTAGCCTGGTATCAGCAGAAACCGGGGAAAGTCCCTAAGCTCCTGATCTATGATGCATCCACTTTGCAAAGTGGGGTCCCATCAAGGTTCAGCGGCAGTGGATCTGGGACAGATTTCACTCTCACCATCAGCAGCCTGCAGCCTGAAGATTTTGCAACTTATTACTGTCAGCATGGTTATGGTATCCTC,GACATCCAGATGACCCAGTCTCCATCCTCCCTGTCTGCATCTGTAGGAGACAGAGTCACCATCACTTGCCGGGCGAGTCAGGGCATT..................AGCAATAATTTAGCCTGGTATCAGCAGAAACCGGGGAAAGTCCCTAAGCTCCTGATCTATGATGCA.....................TCCACTTTGCAAAGTGGGGTCCCA...TCAAGGTTCAGCGGCAGTGGA......TCTGGGACAGATTTCACTCTCACCATCAGCAGCCTGCAGCCTGAAGATTTTGCAACTTATTACTGTCAGCATGGTTATGGTATCCTC,0,0,"","","","",New source,,FALSE,,IGKV1-AEA*01_S5942,"",IGKV1-AEA*01_S5942,
IGKV3-AED-S*01_S8865,"",IGKV,IGK,CAAGTTATATTGGCACAGTCTCCAGCCACCCTGTCTTTGTCTCCAGGGGAAAGAGCCACTCTCTCCTGCAGGGCCAGTCAGAGTGCCAGCAGCTACTTAGCCTGGTACCAGCAGAAACCTGGGCAGGCTCCCAGGCTCCTCATCTATGGTGCATCCAGCAGGGCCACTGGTATCCCAGACAGGTTCAGTGGCAGCGGGTCTGGGACAGAGTTCACCCTCACCATCAGCAGCCTGGAGCCTGAAGATGTTGGAGTTTATCACTGCTATCAGTATTACAGCGGGTACCC,CAAGTTATATTGGCACAGTCTCCAGCCACCCTGTCTTTGTCTCCAGGGGAAAGAGCCACTCTCTCCTGCAGGGCCAGTCAGAGTGCC..................AGCAGCTACTTAGCCTGGTACCAGCAGAAACCTGGGCAGGCTCCCAGGCTCCTCATCTATGGTGCA.....................TCCAGCAGGGCCACTGGTATCCCA...GACAGGTTCAGTGGCAGCGGG......TCTGGGACAGAGTTCACCCTCACCATCAGCAGCCTGGAGCCTGAAGATGTTGGAGTTTATCACTGCTATCAGTATTACAGCGGGTACCC,0,0,"","","","",New source,,FALSE,,IGKV3-AED-S*01_S8865,"",IGKV3-AED-S*01_S8865,
IGKV3-ADW-S*01_S5976,"",IGKV,IGK,GAAATTGTGTTGACGCAGTCTCCAGCCACCCTGTCTTTGTCTCCAGGAGAAAGAGCCACCCTCTCCTGCAGGGCCAGTCAGAGTGTCAGCAGCAGCTTAGCCTGGTACCAGCAGAAACCTGGGCAGGCTCCCAGGCTCCTCATCTATGGTGCATCCAGCAGGGCCACTGGCATCCCAGACAGGTTCAGTGGCAGTGGGTCTGGGACAGACTTCACTCTCACCATTAGCAGCCTGGAGCCTGAAGATTTTGCAGTTTATTATTGTCAGCAGTATAGTAACTGGCCTCA,GAAATTGTGTTGACGCAGTCTCCAGCCACCCTGTCTTTGTCTCCAGGAGAAAGAGCCACCCTCTCCTGCAGGGCCAGTCAGAGTGTC..................AGCAGCAGCTTAGCCTGGTACCAGCAGAAACCTGGGCAGGCTCCCAGGCTCCTCATCTATGGTGCA.....................TCCAGCAGGGCCACTGGCATCCCA...GACAGGTTCAGTGGCAGTGGG......TCTGGGACAGACTTCACTCTCACCATTAGCAGCCTGGAGCCTGAAGATTTTGCAGTTTATTATTGTCAGCAGTATAGTAACTGGCCTCA,0,0,"","","","",New source,,FALSE,,IGKV3-ADW-S*01_S5976,"",IGKV3-ADW-S*01_S5976,
IGKV3-ABF*02_S1817,"",IGKV,IGK,GAAATTGTAATGACGCAGTCTCCAGCCACCCTGTCTTTGTCTCCAGGGGAAACAGCCACCCTCTCCTGCAGGGCCAGTGAGAGTGTTGGCAGCTACTTAGCCTGGTACCAGCAGAAACCTGGGCAGGCTCCCAAGCTCCTCGTCCGTAGTGCATACTTCAGGGCCACTGGCATCCCAGACAGGTTCAGTGGCAGCGGGTCTAGGACAGACTTCACTCTCACCATTAGCAGCCTGGAGCCTGAAGATGTTGGAGTTTATCACTGTCAGCAGTATAATGACTTGCTTCC,GAAATTGTAATGACGCAGTCTCCAGCCACCCTGTCTTTGTCTCCAGGGGAAACAGCCACCCTCTCCTGCAGGGCCAGTGAGAGTGTT..................GGCAGCTACTTAGCCTGGTACCAGCAGAAACCTGGGCAGGCTCCCAAGCTCCTCGTCCGTAGTGCA.....................TACTTCAGGGCCACTGGCATCCCA...GACAGGTTCAGTGGCAGCGGG......TCTAGGACAGACTTCACTCTCACCATTAGCAGCCTGGAGCCTGAAGATGTTGGAGTTTATCACTGTCAGCAGTATAATGACTTGCTTCC,0,0,"","","","",New source,,FALSE,,IGKV3-ABF*02_S1817,"",IGKV3-ABF*02_S1817,
IGKV1-ABR*01_S8226,"",IGKV,IGK,GACATTCAGATGACCCAGTCTCCATCCTCCCTGTCTGCATCTGTGGGAGACAGAGTCACCATCACTTGTCGGGCAAGTCAGGGCATTAGCAGTTATTTAGCCTGGTATCAGCAGAAACCAGGGAAAGCCCCTAAGCTCCTGATCTATAAGGCATCCACTTTGCAAAGTGGGGTCCCATCAAGGTTCAGCGGCAGTGGATCTGGGACAGATTTCACTCTCACCATCAGCAGCCTGCAGCCTGAAGATTTTGCAACTTATTACTGTCAACAGCATAATAGTAACCCTCC,GACATTCAGATGACCCAGTCTCCATCCTCCCTGTCTGCATCTGTGGGAGACAGAGTCACCATCACTTGTCGGGCAAGTCAGGGCATT..................AGCAGTTATTTAGCCTGGTATCAGCAGAAACCAGGGAAAGCCCCTAAGCTCCTGATCTATAAGGCA.....................TCCACTTTGCAAAGTGGGGTCCCA...TCAAGGTTCAGCGGCAGTGGA......TCTGGGACAGATTTCACTCTCACCATCAGCAGCCTGCAGCCTGAAGATTTTGCAACTTATTACTGTCAACAGCATAATAGTAACCCTCC,0,0,"","","","",New source,,FALSE,,IGKV1-ABR*01_S8226,"",IGKV1-ABR*01_S8226,
IGKV3-ADN*01_S4001,"",IGKV,IGK,GAAATTGTGCTGACCCAGTCTCCAACATCCATGGCTGTCTCCCAAGGAGAAAGAGTCACCATCTCCTGCACGGCCAGCTCAAGTGTAAGCACCAGCTACTTGCACTGGTACCAACAGAAGCCAGGATTCCCTCCAAGGCTTCTTGTCTATAGAACATCAAGTCTGGCTTCTGGAGTCCCAGCCAGGTTCAGTGGCAGCGGTTCTGGGACCTCTTACACGCTCACAATCAGCAGCATGGAGGCTGAAGATGCTGCAAACTATTACTGTCAGCAGGAGAATAACTGGAAA,GAAATTGTGCTGACCCAGTCTCCAACATCCATGGCTGTCTCCCAAGGAGAAAGAGTCACCATCTCCTGCACGGCCAGCTCAAGTGTAAGC...............ACCAGCTACTTGCACTGGTACCAACAGAAGCCAGGATTCCCTCCAAGGCTTCTTGTCTATAGAACA.....................TCAAGTCTGGCTTCTGGAGTCCCA...GCCAGGTTCAGTGGCAGCGGT......TCTGGGACCTCTTACACGCTCACAATCAGCAGCATGGAGGCTGAAGATGCTGCAAACTATTACTGTCAGCAGGAGAATAACTGGAAA,0,0,"","","","",New source,,FALSE,,IGKV3-ADN*01_S4001,"",IGKV3-ADN*01_S4001,
IGKV3-AAH*01_S2381,"",IGKV,IGK,GAAATTGTGATGACGCAGTCCCCAGCCACCCTGTCTTTGTCTCCAGGAGAAAGAGCCACCCTCTCCTGCAGGGCCAGTCAGAGTGTTAGCAGCTACGTAGCCTGGTACCAGCAGAAACCTGAGCAGGCTCCCAGGCTCCTCATCTATGGTGCATCCAGCAGGGCCACTGGCATCCCAGACAGGTTCAGTGGCAGTGGGTCTGGGACAGACTTCACTCTCACCATCAGCAGCCTGGAGCCTGAAGATGTAGGAGTTTATTACTGTCAGCAGGAGAGTAACTGGAAC,GAAATTGTGATGACGCAGTCCCCAGCCACCCTGTCTTTGTCTCCAGGAGAAAGAGCCACCCTCTCCTGCAGGGCCAGTCAGAGTGTT..................AGCAGCTACGTAGCCTGGTACCAGCAGAAACCTGAGCAGGCTCCCAGGCTCCTCATCTATGGTGCA.....................TCCAGCAGGGCCACTGGCATCCCA...GACAGGTTCAGTGGCAGTGGG......TCTGGGACAGACTTCACTCTCACCATCAGCAGCCTGGAGCCTGAAGATGTAGGAGTTTATTACTGTCAGCAGGAGAGTAACTGGAAC,0,0,"","","","",New source,,FALSE,,IGKV3-AAH*01_S2381,"",IGKV3-AAH*01_S2381,
IGKV3-ADN*02_S2362,"",IGKV,IGK,GAAATAGTGATGACGCAGTCTCCAGCCACCCTGTCTTTGTCTCCAGGGGAAAGAGCCACCCTCTCCTGCAGGGCCAGTCAGAGTGTTGGCAGCTACTTAGCCTGGTACCAGCAGAAACCTGGGCAGGCTCCCAAGCTCCTCATCTATGGTGCATCCAGCAGGGCCACCGGCATCCCAGACAGGTTCAGTGGCAGTGGGTCTGGAACAGAGTTTACTCTCACCATCAGCAGCCTGGAGCCTGAAGATGTTGGAGTTTATTACTGTCAGCAGGA,GAAATAGTGATGACGCAGTCTCCAGCCACCCTGTCTTTGTCTCCAGGGGAAAGAGCCACCCTCTCCTGCAGGGCCAGTCAGAGTGTT..................GGCAGCTACTTAGCCTGGTACCAGCAGAAACCTGGGCAGGCTCCCAAGCTCCTCATCTATGGTGCA.....................TCCAGCAGGGCCACCGGCATCCCA...GACAGGTTCAGTGGCAGTGGG......TCTGGAACAGAGTTTACTCTCACCATCAGCAGCCTGGAGCCTGAAGATGTTGGAGTTTATTACTGTCAGCAGGA,0,0,"","","","",New source,,FALSE,,IGKV3-ADN*02_S2362,"",IGKV3-ADN*02_S2362,
IGLV3-AEB-X*02_S6201,"",IGLV,IGL,TCCTATGAGCTGACACAGCCACCCTCGGTGTCAGTGTCCCCAGGACAGACGGCCAGGATCACCTGCTCTGGAGATGCATTGCCAAAAAAATATGCTTATTGGTTCCAGCAGAAGCCAGGCCAGTCCCCTGTGCTGATCATCTATGAGGACAGCAAACGGCCCTCTGGGATCCCTGAGAGATTCTCTGGCTCCAGCTCAGGGACAGTGGCCACCTTGACTATCAGTGGGGCCCAGGTGGAGGATGAAGCTGACTACTACTGTTACTCAGCAGACAGCAGTGGTAATCATAG,TCCTATGAGCTGACACAGCCACCCTCG...GTGTCAGTGTCCCCAGGACAGACGGCCAGG...ATCACCTGCTCTGGAGATGCATTGCCA..................AAAAAATATGCTTATTGGTTCCAGCAGAAGCCAGGCCAGTCCCCT......GTGCTGATCATCTATGAGGAC.....................AGCAAACGGCCCTCTGGGATCCCT...GAGAGATTCTCTGGCTCCAGC......TCAGGGACAGTGGCCACCTTGACTATCAGTGGGGCCCAGGTGGAGGATGAAGCTGACTACTACTGTTACTCAGCAGACAGCAGTGGTAATCATAG,0,0,"","","","",New source,,FALSE,,IGLV3-AEB-X*02_S6201,"",IGLV3-AEB-X*02_S6201,
IGLV1-ADA*01_S7428,"",IGLV,IGL,CAGTCTGTGCTGACTCAGCCACCCTCAGCGTCTGGGGCTCCCGGGCAGAGTGTCACCATCTCTTGCTCTGGAAGCAGCTCCAACATTGGAGGTAATAATGTATATTGGTACCAGCAGTTGCCAGGAACGGCCCCCAAACTCCTCATCTATTATAGTAATCAGCGACCCTCAGGGGTCCCTGACCGATTCTCTGGCTCCAAGTCTGGCACGTCAGCCTCCCTGGCCATCACTGGTCTCCGGTCTGAGGATGAGGCTGATTATTACTGTGCAGCATGGGATAACAGCCTGAGCAGTCC,CAGTCTGTGCTGACTCAGCCACCCTCAGCGTCTGGGGCTCCCGGGCAGAGTGTCACC...ATCTCTTGCTCTGGAAGCAGCTCCAACATT............GGAGGTAATAATGTATATTGGTACCAGCAGTTGCCAGGAACGGCCCCCAAACTCCTCATCTATTATAGT.....................AATCAGCGACCCTCAGGGGTCCCT...GACCGATTCTCTGGCTCCAAG......TCTGGCACGTCAGCCTCCCTGGCCATCACTGGTCTCCGGTCTGAGGATGAGGCTGATTATTACTGTGCAGCATGGGATAACAGCCTGAGCAGTCC,0,0,"","","","",New source,,FALSE,,IGLV1-ADA*01_S7428,"",IGLV1-ADA*01_S7428,
IGLV4-ACF*04_S4134,"",IGLV,IGL,CAGCCTGTGCTGACTCAGCCATCCTCTGCATCGGCCTCCCTGGGAGCCTCGGTCACACTCACCTGCACCCTGAGTAGCGGCTACAGTAATTATGCGGTGGACTGGCACCAGCAGAGACCAGGGAAGGGCCCTCAGTTTGTGATGCGAGTGGGCACAGGTGGGATTGTGGGATCCAAGGGGGATGGCATCCCTGATCGCTTCTCAGGCTCGGGCTCCGGCCTGAATCGGTACCTGACCATCAAGAACATTCAGGAAGAGGATGAGAGTGACTACCACTGTGGGAC,CAGCCTGTGCTGACTCAGCCATCCTCTGCATCGGCCTCCCTGGGAGCCTCGGTCACA...CTCACCTGCACCCTGAGTAGCGGCTACAGT...............AATTATGCGGTGGACTGGCACCAGCAGAGACCAGGGAAGGGCCCTCAGTTTGTGATGCGAGTGGGCACAGGT......GGGATTGTGGGATCCAAGGGGGATGGCATCCCT...GATCGCTTCTCAGGCTCGGGC......TCCGGCCTGAATCGGTACCTGACCATCAAGAACATTCAGGAAGAGGATGAGAGTGACTACCACTGTGGGAC,0,0,"","","","",New source,,FALSE,,IGLV4-ACF*04_S4134,"",IGLV4-ACF*04_S4134,
IGLV3-AAB*03_S2426,"",IGLV,IGL,TCCTCCGGTCTGACTCAGGAGCCTGCATTGTCTGTGGCCTTGGGACATACAGTCAGCATGACCTGCCAAGGAGACAGCCTCAAAACCTATTATGCAAGCTGGTACCAGCAGAAGCCAGGCCAGGTCCCTGTGCTGGTCGTCTATGGTAACAACTACCGGCCCTCAGGGATCCCAGAGCGATTCTCTGGCTCCTGGTCAGGAAACACAGGTTCCTTGACCATCACTGCGGCTCAGGTGGAAGATGAGGCTGACTATTACTGTAACTCCTGGGACAGCAGCGGTACCCATCC,TCCTCCGGTCTGACTCAGGAGCCTGCATTGTCTGTGGCCTTGGGACATACAGTCAGC...ATGACCTGCCAAGGAGACAGCCTCAAA..................ACCTATTATGCAAGCTGGTACCAGCAGAAGCCAGGCCAGGTCCCTGTGCTGGTCGTCTATGGTAAC.....................AACTACCGGCCCTCAGGGATCCCA...GAGCGATTCTCTGGCTCCTGG......TCAGGAAACACAGGTTCCTTGACCATCACTGCGGCTCAGGTGGAAGATGAGGCTGACTATTACTGTAACTCCTGGGACAGCAGCGGTACCCATCC,0,0,"","","","",New source,,FALSE,,IGLV3-AAB*03_S2426,"",IGLV3-AAB*03_S2426,
IGLV3-ADT*02_S4695,"",IGLV,IGL,TCTTCTGAGCTGACTCAGGACCCTGCAGTGTCTGTGGCCTTGGGACAGACAGTCAGGATCACTTGCCAAGGAGACAGCCTCAGAAGCTATTATGCAAGCTGGTACCAGCAGAAGCCAGGCCAGGCCCCTGTGCTGGTCGTCTATGGTAACAACAACCGGCCCTCAGGGATCCCAGAGCGATTCTCTGGCTCCAGCTCAGGAAACACAGCTTCCTTGACCATCACTGGGGCTCAGGTGGAAGATGAGGCTGACTATTACTGTGACTCCTGGGACAGCAGTGGTACCCATCC,TCTTCTGAGCTGACTCAGGACCCTGCAGTGTCTGTGGCCTTGGGACAGACAGTCAGG...ATCACTTGCCAAGGAGACAGCCTCAGA..................AGCTATTATGCAAGCTGGTACCAGCAGAAGCCAGGCCAGGCCCCTGTGCTGGTCGTCTATGGTAAC...........................AACAACCGGCCCTCAGGGATCCCA...GAGCGATTCTCTGGCTCCAGCTCAGGAAACACAGCTTCCTTGACCATCACTGGGGCTCAGGTGGAAGATGAGGCTGACTATTACTGTGACTCCTGGGACAGCAGTGGTACCCATCC,0,0,"","","","",New source,,FALSE,,IGLV3-ADT*02_S4695,"",IGLV3-ADT*02_S4695,
IGHV3-ACN*01_S0248,"",IGHV,IGH,GAGGTGCAGCTGGTAGAGTCTGGGGGAGGCTTGGTACAGCCTGGCGGGTCTCTGAGACTCTCCTGTGTAGCCTCTGGATTCACCTTCAGTGACTACGGGATGGCCTGGGTCCGCCAGGCTACAGGGAAGGGGCTGGAGTGGGTCTCAAGTATTAGTCAACCTAGTGGTAGTAACACATACTACCTAGACCCTGTCAAGGGCCGATTCACCATCTCCAGAGACAACGCCAAGAACACGCTGTATCTTCAAATGAACAGCCTGAGAGCCGAGGACACCGCTGTCTATTACTGTGCGAGAGA,GAGGTGCAGCTGGTAGAGTCTGGGGGA...GGCTTGGTACAGCCTGGCGGGTCTCTGAGACTCTCCTGTGTAGCCTCTGGATTCACCTTC............AGTGACTACGGGATGGCCTGGGTCCGCCAGGCTACAGGGAAGGGGCTGGAGTGGGTCTCAAGTATTAGTCAACCTAGT...GGTAGTAACACATACTACCTAGACCCTGTCAAG...GGCCGATTCACCATCTCCAGAGACAACGCCAAGAACACGCTGTATCTTCAAATGAACAGCCTGAGAGCCGAGGACACCGCTGTCTATTACTGTGCGAGAGA,0,0,"","","","",New source,,FALSE,,IGHV3-ACN*01_S0248,"",IGHV3-ACN*01_S0248,
IGHV1-AHF-X*04_S9502,"",IGHV,IGH,CAGGTCCAGCTGGTGCAGTCCGGGGCTGAGGTGAAGAAGCCTGGGGCCTCAGTGAAACTCTCCTGCAAGGCTTCTGGTTACACCTTTACCAGCTACTATATAAACTGGGTGAGACAGGCCCCTGGACAAGTGCTTGAGTGGATGGGATGGATTAACCCTAGCAATGGTAATACAGGCTACGCACAGAAATTCCAGGGCAGAGTCACCATGACCAGGGACACGTCCACGAGTACAGCCTACATGGAGCTGAGCAGCCTGAGATCTGAGGACACGGCCGTGTATTACTGTACGAGAGA,CAGGTCCAGCTGGTGCAGTCCGGGGCT...GAGGTGAAGAAGCCTGGGGCCTCAGTGAAACTCTCCTGCAAGGCTTCTGGTTACACCTTT............ACCAGCTACTATATAAACTGGGTGAGACAGGCCCCTGGACAAGTGCTTGAGTGGATGGGATGGATTAACCCTAGC......AATGGTAATACAGGCTACGCACAGAAATTCCAG...GGCAGAGTCACCATGACCAGGGACACGTCCACGAGTACAGCCTACATGGAGCTGAGCAGCCTGAGATCTGAGGACACGGCCGTGTATTACTGTACGAGAGA,0,0,"","","","",New source,,FALSE,,IGHV1-AHF-X*04_S9502,"",IGHV1-AHF-X*04_S9502,
IGHV1-AHF-X*02_S4329,"",IGHV,IGH,CAGGTCCAGCTGGTGCAATCCGGGGCTGAGGTGAAGAAGCCTGGGGCCTCAGTGAAGCTCTCCTGCAAGGCTTCCGGTTATACTTTTACCAGCTACAGTATAAACTGGGTGAGACAGGCCCCTGGACAAGGACTTGAGTGGATGGGATGGATTAACCCTAGCAATGGTAATACAGGCTACGCACAGAAGTTCCAGGGCAGAGTCACCATGACCAGGGACACGTCCACGAGTACAGCCTACATGGAGCTGAGCAGCCTGAGATCTGAGGACACGGCCGTGTATTACTGTGCAAGAGA,CAGGTCCAGCTGGTGCAATCCGGGGCT...GAGGTGAAGAAGCCTGGGGCCTCAGTGAAGCTCTCCTGCAAGGCTTCCGGTTATACTTTT............ACCAGCTACAGTATAAACTGGGTGAGACAGGCCCCTGGACAAGGACTTGAGTGGATGGGATGGATTAACCCTAGC......AATGGTAATACAGGCTACGCACAGAAGTTCCAG...GGCAGAGTCACCATGACCAGGGACACGTCCACGAGTACAGCCTACATGGAGCTGAGCAGCCTGAGATCTGAGGACACGGCCGTGTATTACTGTGCAAGAGA,0,0,"","","","",New source,,FALSE,,IGHV1-AHF-X*02_S4329,"",IGHV1-AHF-X*02_S4329,
IGHV4-ACQ-S*01_S9061,"",IGHV,IGH,CAGGTGCAGCTGCAGGAGTCGGGCCCAGGACTGGTGAAGCCTTCGGAGACCCTGTCCCTCACCTGCGCTGTCTCTGGTGGCTCCATCAGCAGTAGCTACTGGAGCTGGATCCGCCAGCCCCCAGGGAAGGGGCTGGAGTGGATTGGGTATATCTATGGTGGTAGTGGGAGCACCAGCTACAACCCCTCCCTCAAGAGTCGAGTCACCATTTCAACAGACACGTCCAAGAACCAGTTTTCCCTGAAGCTGAGCTCTGTGACCGCCGCGGACACCGCCGTGTATTACTGTGCGAGAGA,CAGGTGCAGCTGCAGGAGTCGGGCCCA...GGACTGGTGAAGCCTTCGGAGACCCTGTCCCTCACCTGCGCTGTCTCTGGTGGCTCCATC............AGCAGTAGCTACTGGAGCTGGATCCGCCAGCCCCCAGGGAAGGGGCTGGAGTGGATTGGGTATATCTATGGTGGT......AGTGGGAGCACCAGCTACAACCCCTCCCTCAAG...AGTCGAGTCACCATTTCAACAGACACGTCCAAGAACCAGTTTTCCCTGAAGCTGAGCTCTGTGACCGCCGCGGACACCGCCGTGTATTACTGTGCGAGAGA,0,0,"","","","",New source,,FALSE,,IGHV4-ACQ-S*01_S9061,"",IGHV4-ACQ-S*01_S9061,
IGHV3-ABZ*01_S1123,"",IGHV,IGH,GAGGTGCAGCTGGTGGAGTCTGGGGGCGGCTTGGCACAGCCTGGGGGGTCCCTGAGACTCTCCTGTGCAGCCTCTGGATTCACCTTCAGTAACTACTACATGGACTGGGTCCGCCAGGCTCCAGGGAAGGGCCTGGAGTGGGTTGGCCGTATTAGAAACAAAGCTAACAGTTACACAACAGAATACGCCGCGTCTGTGAAAGGCAGATTCACCATCTCAAGGGATGATTCAAAGAACACACTGTATCTGCAAATGAGCAGCCTGAAAACCGAGGACACGGCCGTGTATTACTGTGCTAGAGA,GAGGTGCAGCTGGTGGAGTCTGGGGGC...GGCTTGGCACAGCCTGGGGGGTCCCTGAGACTCTCCTGTGCAGCCTCTGGATTCACCTTC............AGTAACTACTACATGGACTGGGTCCGCCAGGCTCCAGGGAAGGGCCTGGAGTGGGTTGGCCGTATTAGAAACAAAGCTAACAGTTACACAACAGAATACGCCGCGTCTGTGAAA...GGCAGATTCACCATCTCAAGGGATGATTCAAAGAACACACTGTATCTGCAAATGAGCAGCCTGAAAACCGAGGACACGGCCGTGTATTACTGTGCTAGAGA,0,0,"","","","",New source,,FALSE,,IGHV3-ABZ*01_S1123,"",IGHV3-ABZ*01_S1123,
IGHV3-AGZ-X*02_S5502,"",IGHV,IGH,GAAGTGCAGCTGGTGGAGTCTGGGGGAGGCTTGGTAAAGCCTGGAGGGTCCCTGAGACTCTCCTGTGCAGCCTCTGGATTCACGTTTGATGATTATGCCATGAGCTGGGTCCGCCAGGCTCCAGGGAAGGGTCTGGAGTGGGTATCTCGGATTAGTTGGGATGGTGGTAGCACATATTACGCAGACTCCGTGAAGGGCCGATTCACCATCTCCAGAGACAACGCCAAGAACACACTGTATCTGCAAATGGACAGGCTGAGAGCTGAGGACACGGCCTTGTATTACTGTACTAGAGA,GAAGTGCAGCTGGTGGAGTCTGGGGGA...GGCTTGGTAAAGCCTGGAGGGTCCCTGAGACTCTCCTGTGCAGCCTCTGGATTCACGTTT............GATGATTATGCCATGAGCTGGGTCCGCCAGGCTCCAGGGAAGGGTCTGGAGTGGGTATCTCGGATTAGTTGGGAT......GGTGGTAGCACATATTACGCAGACTCCGTGAAG...GGCCGATTCACCATCTCCAGAGACAACGCCAAGAACACACTGTATCTGCAAATGGACAGGCTGAGAGCTGAGGACACGGCCTTGTATTACTGTACTAGAGA,0,0,"","","","",New source,,FALSE,,IGHV3-AGZ-X*02_S5502,"",IGHV3-AGZ-X*02_S5502,
IGHV1-AGS*02_S5797,"",IGHV,IGH,GAGGTCCAGCTGGTGCAGTCTGGGGCTGAGGTGAAGAAGCCTGGGTCCTCAGTGAAAATCTCCTGCAAGGCTTCTGGATACACCTTCACCGACCACTACCTGCACTGGGTGCGACAGGCTCCTGGAAAAGGGCTTGAGTGGATGGGACGTGTTGATCCTGAAGATGGTGAAGCAATACACGCACAGAAGTTCCAGGACAGAGTCACCATCACCGCGGACACGTCTACAGACACAGCCTACATGGAGCTGAGCAGCCTGAGATCTGAGGACACGGCCGTGTATTACTGTGCAACAGA,GAGGTCCAGCTGGTGCAGTCTGGGGCT...GAGGTGAAGAAGCCTGGGTCCTCAGTGAAAATCTCCTGCAAGGCTTCTGGATACACCTTC............ACCGACCACTACCTGCACTGGGTGCGACAGGCTCCTGGAAAAGGGCTTGAGTGGATGGGACGTGTTGATCCTGAA......GATGGTGAAGCAATACACGCACAGAAGTTCCAG...GACAGAGTCACCATCACCGCGGACACGTCTACAGACACAGCCTACATGGAGCTGAGCAGCCTGAGATCTGAGGACACGGCCGTGTATTACTGTGCAACAGA,0,0,"","","","",New source,,FALSE,,IGHV1-AGS*02_S5797,"",IGHV1-AGS*02_S5797,
IGHV2-AEI*01_S8179,"",IGHV,IGH,CAGGTGACCTTGAAGGAGTCTGGTCCTGCGTTGGTGAAACCCACACAGACCCTCACGCTGACCTGCACCTTCTCTGGGTTCTCACTCAGCACTTCTGGAACGGGTGTGAGCTGGATCCGTCAGCCCCCAGGAAAGGCCCTGGAGTGGCTGGCACGCATTGATTGGGATGATGATAAATACTACAGCACATCTCTGAAGAGCAGGCTCACCATCTCCAAAGACACCTCCAAAAACCAGGTGGTTCTAACAATAACCAACATGGACCCTGTGGACACAGCCACATATTACTGTGCACGGAGAC,CAGGTGACCTTGAAGGAGTCTGGTCCT...GCGTTGGTGAAACCCACACAGACCCTCACGCTGACCTGCACCTTCTCTGGGTTCTCACTCAGC......ACTTCTGGAACGGGTGTGAGCTGGATCCGTCAGCCCCCAGGAAAGGCCCTGGAGTGGCTGGCACGCATTGATTGGGAT.........GATGATAAATACTACAGCACATCTCTGAAG...AGCAGGCTCACCATCTCCAAAGACACCTCCAAAAACCAGGTGGTTCTAACAATAACCAACATGGACCCTGTGGACACAGCCACATATTACTGTGCACGGAGAC,0,0,"","","","",New source,,FALSE,,IGHV2-AEI*01_S8179,"",IGHV2-AEI*01_S8179,
